id,description,responses,Employee engagement index 2,My work ,Organisational objectives and purpose ,My manager ,My team ,Learning and development ,Inclusion and fair treatment ,Resources and workload ,Pay and benefits ,Leadership and managing change ,B01. I am interested in my work ,B02. I am sufficiently challenged by my work ,B03. My work gives me a sense of personal accomplishment ,B04. I feel involved in the decisions that affect my work ,B05. I have a choice in deciding how I do my work,B06. I have a clear understanding of [my organisation's] objectives ,B07. I understand how my work contributes to [my organisation's] objectives ,B08. My manager motivates me to be more effective in my job ,B09. My manager is considerate of my life outside work ,B10. My manager is open to my ideas ,B11. My manager helps me to understand how I contribute to [my organisation's] objectives ,"B12. Overall, I have confidence in the decisions made by my manager ",B13. My manager recognises when I have done my job well ,B14. I receive regular feedback on my performance ,B15. The feedback I receive helps me to improve my performance ,B16. I think that my performance is evaluated fairly ,B17. Poor performance is dealt with effectively in my team ,B18. The people in my team can be relied upon to help when things get difficult in my job ,B19. The people in my team work together to find ways to improve the service we provide ,B20. The people in my team are encouraged to come up with new and better ways of doing things ,B21. I am able to access the right learning and development opportunities when I need to ,B22. Learning and development activities I have completed in the past 12 months have helped to improve my performance ,B23. There are opportunities for me to develop my career in [my organisation] ,B24. Learning and development activities I have completed while working for [my organisation] are helping me to develop my career ,B25. I am treated fairly at work ,B26. I am treated with respect by the people I work with ,B27. I feel valued for the work I do ,"B28. I think that [my organisation] respects individual differences (e.g. cultures, working styles, backgrounds, ideas, etc.)  ",B29. I get the information I need to do my job well ,B30. I have clear work objectives ,B31. I have the skills I need to do my job effectively ,B32. I have the tools I need to do my job effectively,B33. I have an acceptable workload,B34. I achieve a good balance between my work life and my private life,B35. I feel that my pay adequately reflects my performance ,B36. I am satisfied with the total benefits package ,B37. Compared to people doing a similar job in other organisations I feel my pay is reasonable ,B38. [Senior managers] in [my organisation] are sufficiently visible ,B39. I believe the actions of [senior managers] are consistent with [my organisation's] values ,B40. I believe that [the Executive Team has] a clear vision for the future of [my organisation] ,"B41. Overall, I have confidence in the decisions made by [my organisation's senior managers] ",B42. I feel that change is managed well in [my organisation] ,B43. When changes are made in [my organisation] they are usually for the better ,B44. [My organisation] keeps me informed about matters that affect me ,B45. I have the opportunity to contribute my views before decisions are made that affect me ,B46. I think it is safe to challenge the way things are done in [my organisation] ,B47. I am proud when I tell others I am part of [my organisation] ,B48. I would recommend [my organisation] as a great place to work ,B49. I feel a strong personal attachment to [my organisation] ,B50. [My organisation] inspires me to do the best in my job ,B51. [My organisation] motivates me to help it achieve its objectives,B52. I believe that [senior managers] in [my organisation] will take action on the results from this survey ,"B53. Where I work, I think effective action has been taken on the results of the last survey  ",B54. I am trusted to carry out my job effectively ,"B55. I believe I would be supported if I try a new idea, even if it may not work ","B56. In [my organisation], people are encouraged to speak up when they identify a serious policy or delivery risk",B57. I feel able to challenge inappropriate behaviour in the workplace,B58. My organisation is committed to creating a diverse and inclusive workplace,B59 [Senior managers] in [my organisation] actively role model the behaviours set out in the Civil Service Leadership Statement ,B60 My manager actively role models the behaviours set out in the Civil Service Leadership Statement,B61. I am aware of the Civil Service vision for 'A Brilliant Civil Service',B62. I understand how my work contributes to helping us become 'A Brilliant Civil Service',I want to leave [my organisation] as soon as possible ,I want to leave [my organisation] within the next 12 months ,I want to stay working for [my organisation] for at least the next year ,I want to stay working for [my organisation] for at least the next three years ,D01. Are you aware of the Civil Service Code? ,D02. Are you aware of how to raise a concern under the Civil Service Code? ,D03. Are you confident that if you raise a concern under the Civil Service Code in [your organisation] it would be investigated properly? ,"W01. Overall, how satisfied are you with your life nowadays? (% 7-10) 
(0=not at all satisfied, 10=completely satisfied) ","W02. Overall, to what extent do you think the things you do in your life are worthwhile? (% 7-10) 
(0=not at all worthwhile, 10=completely worthwhile) ","W03. Overall, how happy did you feel yesterday? (% 7-10) 
(0=not at all happy, 10=completely happy) ","W04. Overall, how anxious did you feel yesterday? (% 6-10) 
(0=not at all anxious, 10=completely anxious) ",E01. During the past 12 months have you personally experienced discrimination at work? ,E03. During the past 12 months have you personally experienced bullying or harassment at work? ,E05. Did you report the bullying and harassment you experienced?,"E06. In your opinion, has this issue been resolved?"
g_aoaa,AO/AA,72331,0.54,0.61,0.75,0.66,0.77,0.47,0.71,0.7,0.24,0.37,0.8,0.69,0.64,0.4,0.5,0.74,0.77,0.67,0.77,0.73,0.63,0.69,0.76,0.68,0.63,0.63,0.43,0.84,0.79,0.67,0.6,0.45,0.47,0.37,0.74,0.83,0.57,0.7,0.64,0.76,0.83,0.63,0.65,0.7,0.21,0.28,0.21,0.48,0.42,0.38,0.35,0.31,0.26,0.48,0.28,0.36,0.49,0.44,0.41,0.42,0.4,0.34,0.29,0.87,0.58,0.62,0.59,0.7,0.4,0.6,0.48,0.45,0.11,0.12,0.22,0.54,0.83,0.63,0.6,0.59,0.64,0.57,0.34,0.15,0.13,0.44,0.21
g_eo,EO,71889,0.57,0.72,0.8,0.7,0.81,0.55,0.76,0.72,0.3,0.41,0.88,0.79,0.75,0.52,0.66,0.79,0.82,0.71,0.83,0.79,0.67,0.73,0.79,0.7,0.65,0.67,0.42,0.85,0.82,0.74,0.65,0.55,0.54,0.47,0.78,0.85,0.65,0.75,0.68,0.76,0.85,0.66,0.66,0.72,0.29,0.35,0.27,0.5,0.46,0.44,0.39,0.33,0.31,0.54,0.33,0.42,0.54,0.5,0.48,0.46,0.44,0.4,0.37,0.87,0.67,0.65,0.64,0.75,0.43,0.66,0.55,0.48,0.1,0.11,0.23,0.56,0.91,0.7,0.66,0.64,0.69,0.62,0.32,0.15,0.13,0.4,0.2
g_seoheo,SEO/HEO,85365,0.6,0.79,0.81,0.71,0.82,0.57,0.79,0.7,0.32,0.45,0.91,0.84,0.78,0.61,0.79,0.8,0.83,0.72,0.87,0.84,0.66,0.77,0.8,0.69,0.64,0.68,0.41,0.86,0.83,0.78,0.64,0.55,0.57,0.52,0.82,0.87,0.69,0.77,0.67,0.73,0.85,0.66,0.61,0.7,0.33,0.36,0.27,0.59,0.53,0.46,0.45,0.31,0.31,0.57,0.36,0.47,0.59,0.53,0.52,0.47,0.44,0.47,0.39,0.89,0.74,0.68,0.69,0.77,0.47,0.69,0.55,0.43,0.08,0.13,0.29,0.5,0.93,0.69,0.69,0.67,0.72,0.63,0.31,0.13,0.12,0.38,0.2
g_g6g7,G6/G7,39530,0.63,0.85,0.87,0.72,0.86,0.6,0.82,0.71,0.38,0.51,0.95,0.89,0.84,0.71,0.86,0.86,0.88,0.74,0.87,0.87,0.7,0.79,0.81,0.67,0.63,0.69,0.45,0.88,0.87,0.83,0.66,0.59,0.59,0.57,0.85,0.89,0.74,0.8,0.72,0.77,0.91,0.68,0.55,0.63,0.4,0.41,0.33,0.66,0.59,0.47,0.52,0.33,0.34,0.64,0.46,0.55,0.66,0.6,0.57,0.52,0.5,0.58,0.47,0.9,0.77,0.71,0.74,0.81,0.54,0.74,0.62,0.46,0.07,0.15,0.36,0.43,0.96,0.75,0.77,0.71,0.77,0.66,0.32,0.1,0.1,0.38,0.2
g_scs,SCS,5462,0.78,0.94,0.95,0.84,0.95,0.78,0.9,0.8,0.4,0.75,0.98,0.95,0.93,0.9,0.93,0.94,0.95,0.86,0.89,0.92,0.86,0.9,0.88,0.78,0.78,0.78,0.74,0.95,0.95,0.94,0.84,0.77,0.73,0.77,0.91,0.94,0.86,0.89,0.88,0.91,0.96,0.8,0.64,0.65,0.42,0.44,0.34,0.86,0.82,0.68,0.8,0.6,0.63,0.84,0.76,0.79,0.85,0.8,0.77,0.77,0.77,0.85,0.79,0.95,0.89,0.85,0.9,0.91,0.82,0.88,0.8,0.71,0.04,0.14,0.4,0.42,0.97,0.88,0.9,0.8,0.87,0.76,0.25,0.06,0.06,0.37,0.19
c_england,England,232571,0.58,0.73,0.8,0.69,0.8,0.54,0.76,0.7,0.29,0.42,0.88,0.8,0.75,0.55,0.69,0.78,0.81,0.7,0.83,0.8,0.65,0.74,0.78,0.68,0.63,0.65,0.42,0.85,0.82,0.75,0.63,0.52,0.53,0.47,0.79,0.85,0.65,0.74,0.66,0.74,0.85,0.64,0.61,0.68,0.29,0.33,0.26,0.54,0.49,0.43,0.42,0.31,0.29,0.54,0.34,0.43,0.56,0.49,0.48,0.46,0.43,0.43,0.36,0.88,0.68,0.66,0.66,0.75,0.45,0.66,0.54,0.44,0.1,0.13,0.28,0.49,0.9,0.68,0.66,0.64,0.7,0.61,0.32,0.14,0.12,0.4,0.2
c_scotland,Scotland,28565,0.56,0.71,0.82,0.69,0.81,0.54,0.75,0.72,0.31,0.41,0.88,0.79,0.73,0.51,0.65,0.81,0.83,0.7,0.83,0.79,0.66,0.74,0.79,0.7,0.64,0.68,0.42,0.87,0.83,0.73,0.64,0.52,0.55,0.46,0.8,0.85,0.63,0.74,0.68,0.76,0.86,0.68,0.65,0.72,0.3,0.36,0.26,0.51,0.47,0.42,0.4,0.3,0.29,0.53,0.33,0.42,0.53,0.5,0.46,0.44,0.42,0.41,0.35,0.88,0.66,0.63,0.64,0.75,0.43,0.65,0.51,0.43,0.1,0.11,0.23,0.55,0.92,0.73,0.68,0.67,0.71,0.63,0.3,0.13,0.12,0.38,0.21
c_wales,Wales,24066,0.61,0.73,0.82,0.73,0.83,0.56,0.78,0.74,0.36,0.44,0.88,0.8,0.75,0.54,0.67,0.8,0.83,0.74,0.86,0.82,0.7,0.77,0.81,0.74,0.68,0.7,0.46,0.88,0.84,0.77,0.67,0.54,0.56,0.48,0.81,0.87,0.67,0.78,0.71,0.78,0.87,0.69,0.66,0.74,0.33,0.43,0.32,0.56,0.49,0.46,0.43,0.34,0.33,0.56,0.37,0.45,0.59,0.58,0.5,0.49,0.47,0.43,0.38,0.9,0.69,0.69,0.66,0.77,0.45,0.68,0.56,0.5,0.07,0.09,0.22,0.62,0.89,0.69,0.69,0.66,0.7,0.62,0.33,0.12,0.1,0.43,0.22
c_nire,Northern Ireland,2086,0.53,0.69,0.79,0.67,0.8,0.5,0.72,0.69,0.23,0.37,0.86,0.79,0.7,0.49,0.61,0.78,0.81,0.67,0.81,0.77,0.65,0.73,0.75,0.68,0.61,0.62,0.43,0.85,0.82,0.74,0.61,0.48,0.47,0.42,0.77,0.83,0.58,0.69,0.63,0.75,0.82,0.66,0.62,0.67,0.22,0.25,0.2,0.54,0.45,0.37,0.35,0.28,0.23,0.49,0.28,0.35,0.43,0.43,0.43,0.39,0.37,0.36,0.29,0.85,0.62,0.63,0.6,0.71,0.39,0.64,0.47,0.4,0.1,0.1,0.2,0.61,0.9,0.7,0.62,0.63,0.69,0.61,0.3,0.14,0.13,0.38,0.17
c_overseas,Overseas,12439,0.7,0.79,0.84,0.71,0.8,0.57,0.78,0.75,0.32,0.56,0.93,0.82,0.81,0.65,0.74,0.82,0.86,0.73,0.77,0.8,0.69,0.73,0.8,0.69,0.7,0.67,0.53,0.83,0.81,0.77,0.62,0.6,0.49,0.57,0.78,0.83,0.72,0.77,0.74,0.81,0.91,0.72,0.64,0.69,0.32,0.35,0.27,0.71,0.67,0.55,0.59,0.49,0.43,0.63,0.47,0.51,0.78,0.66,0.67,0.64,0.61,0.58,0.48,0.89,0.7,0.71,0.67,0.75,0.61,0.67,0.47,0.46,0.06,0.12,0.27,0.54,0.74,0.6,0.64,0.69,0.75,0.67,0.32,0.16,0.14,0.4,0.16
er_em,East Midlands,13195,0.57,0.72,0.79,0.69,0.8,0.53,0.75,0.7,0.29,0.41,0.88,0.8,0.75,0.53,0.66,0.78,0.8,0.7,0.81,0.79,0.66,0.73,0.78,0.69,0.64,0.66,0.43,0.85,0.82,0.74,0.62,0.53,0.51,0.45,0.78,0.85,0.63,0.74,0.66,0.76,0.85,0.64,0.62,0.69,0.28,0.33,0.26,0.52,0.47,0.43,0.39,0.3,0.29,0.52,0.32,0.4,0.55,0.46,0.49,0.45,0.43,0.39,0.35,0.88,0.67,0.65,0.65,0.75,0.43,0.66,0.51,0.44,0.09,0.11,0.25,0.55,0.88,0.69,0.65,0.63,0.7,0.61,0.32,0.14,0.13,0.42,0.21
er_ee,East of England,9672,0.56,0.73,0.77,0.67,0.79,0.51,0.74,0.69,0.29,0.38,0.88,0.8,0.75,0.53,0.67,0.75,0.78,0.67,0.8,0.78,0.62,0.71,0.76,0.66,0.6,0.64,0.4,0.83,0.8,0.72,0.61,0.51,0.49,0.45,0.78,0.84,0.63,0.72,0.65,0.75,0.85,0.63,0.6,0.68,0.28,0.32,0.25,0.46,0.44,0.4,0.36,0.28,0.26,0.49,0.31,0.39,0.54,0.43,0.49,0.43,0.4,0.36,0.33,0.88,0.66,0.62,0.66,0.73,0.4,0.62,0.48,0.4,0.09,0.11,0.23,0.57,0.88,0.69,0.62,0.63,0.69,0.62,0.3,0.14,0.13,0.42,0.2
er_lo,London,61439,0.62,0.77,0.82,0.7,0.81,0.57,0.78,0.71,0.29,0.48,0.9,0.8,0.77,0.61,0.76,0.81,0.83,0.72,0.84,0.82,0.66,0.76,0.8,0.67,0.65,0.67,0.41,0.85,0.82,0.76,0.64,0.55,0.57,0.51,0.81,0.85,0.7,0.76,0.7,0.74,0.87,0.69,0.6,0.67,0.3,0.31,0.25,0.63,0.56,0.45,0.5,0.36,0.34,0.6,0.4,0.48,0.64,0.57,0.51,0.51,0.49,0.52,0.4,0.88,0.71,0.66,0.66,0.75,0.52,0.69,0.59,0.46,0.09,0.18,0.37,0.36,0.92,0.65,0.69,0.66,0.71,0.63,0.33,0.12,0.12,0.39,0.19
er_ne,North East England,20358,0.56,0.7,0.82,0.71,0.83,0.56,0.76,0.71,0.31,0.44,0.85,0.8,0.73,0.51,0.62,0.81,0.83,0.71,0.82,0.79,0.7,0.74,0.79,0.72,0.66,0.68,0.47,0.88,0.85,0.77,0.66,0.53,0.57,0.47,0.78,0.86,0.63,0.76,0.66,0.76,0.83,0.65,0.65,0.72,0.29,0.37,0.28,0.55,0.49,0.45,0.42,0.35,0.32,0.55,0.35,0.44,0.51,0.48,0.47,0.46,0.45,0.43,0.39,0.88,0.67,0.69,0.67,0.76,0.47,0.68,0.6,0.53,0.1,0.1,0.21,0.59,0.92,0.74,0.7,0.64,0.7,0.61,0.32,0.14,0.12,0.4,0.23
er_nw,North West England,34164,0.57,0.71,0.81,0.7,0.82,0.54,0.76,0.71,0.3,0.42,0.86,0.79,0.73,0.52,0.64,0.8,0.83,0.71,0.82,0.79,0.68,0.74,0.79,0.7,0.65,0.67,0.45,0.87,0.84,0.76,0.64,0.53,0.54,0.45,0.79,0.86,0.64,0.75,0.67,0.76,0.85,0.64,0.64,0.71,0.29,0.34,0.27,0.53,0.47,0.43,0.4,0.33,0.3,0.54,0.34,0.42,0.51,0.48,0.46,0.45,0.44,0.41,0.37,0.88,0.66,0.67,0.65,0.75,0.44,0.67,0.55,0.49,0.1,0.11,0.22,0.57,0.91,0.71,0.67,0.64,0.7,0.61,0.33,0.14,0.12,0.38,0.21
er_se,South East England,24009,0.57,0.73,0.78,0.67,0.79,0.51,0.74,0.68,0.27,0.39,0.88,0.8,0.75,0.54,0.68,0.76,0.79,0.67,0.82,0.79,0.63,0.72,0.77,0.65,0.6,0.64,0.4,0.84,0.8,0.72,0.61,0.49,0.49,0.44,0.77,0.84,0.63,0.73,0.64,0.74,0.85,0.61,0.59,0.68,0.26,0.31,0.23,0.49,0.45,0.41,0.37,0.26,0.25,0.51,0.31,0.41,0.55,0.44,0.49,0.43,0.4,0.38,0.32,0.88,0.67,0.64,0.67,0.74,0.41,0.62,0.48,0.39,0.09,0.11,0.25,0.54,0.88,0.67,0.63,0.63,0.69,0.61,0.31,0.14,0.13,0.4,0.2
er_sw,South West England,31818,0.55,0.74,0.75,0.66,0.79,0.51,0.75,0.66,0.28,0.38,0.88,0.8,0.74,0.55,0.73,0.74,0.76,0.68,0.84,0.81,0.61,0.73,0.77,0.63,0.59,0.61,0.37,0.83,0.8,0.73,0.58,0.5,0.49,0.47,0.78,0.85,0.62,0.73,0.62,0.71,0.84,0.59,0.57,0.67,0.28,0.33,0.23,0.5,0.45,0.39,0.37,0.23,0.23,0.51,0.29,0.43,0.55,0.45,0.46,0.4,0.37,0.39,0.33,0.88,0.7,0.66,0.68,0.75,0.4,0.63,0.45,0.34,0.1,0.13,0.28,0.49,0.88,0.63,0.63,0.63,0.68,0.6,0.31,0.14,0.13,0.41,0.21
er_wm,West Midlands,17014,0.56,0.7,0.79,0.68,0.8,0.52,0.74,0.69,0.29,0.4,0.85,0.78,0.73,0.5,0.64,0.78,0.8,0.68,0.8,0.77,0.65,0.71,0.76,0.69,0.63,0.65,0.42,0.84,0.81,0.73,0.62,0.52,0.51,0.44,0.76,0.84,0.62,0.73,0.65,0.75,0.84,0.64,0.61,0.68,0.28,0.33,0.26,0.5,0.46,0.42,0.39,0.3,0.29,0.51,0.32,0.4,0.54,0.46,0.47,0.44,0.42,0.39,0.35,0.87,0.65,0.63,0.64,0.74,0.42,0.64,0.54,0.47,0.11,0.13,0.25,0.52,0.88,0.68,0.64,0.62,0.68,0.6,0.33,0.15,0.14,0.44,0.19
er_yh,Yorkshire and the Humber,18376,0.58,0.73,0.8,0.69,0.81,0.54,0.77,0.71,0.33,0.42,0.87,0.8,0.74,0.54,0.68,0.79,0.81,0.71,0.83,0.8,0.66,0.74,0.79,0.69,0.64,0.67,0.42,0.86,0.83,0.75,0.63,0.53,0.54,0.46,0.8,0.86,0.65,0.75,0.66,0.75,0.85,0.65,0.63,0.7,0.32,0.36,0.3,0.52,0.49,0.43,0.41,0.32,0.29,0.54,0.34,0.43,0.53,0.49,0.48,0.46,0.44,0.42,0.36,0.88,0.67,0.66,0.67,0.75,0.45,0.67,0.56,0.47,0.09,0.11,0.25,0.55,0.9,0.7,0.67,0.65,0.7,0.61,0.32,0.14,0.12,0.38,0.19
losj_lt1y,Less than 1 year,72675,0.65,0.77,0.83,0.73,0.84,0.63,0.83,0.74,0.39,0.52,0.91,0.82,0.78,0.61,0.75,0.82,0.84,0.77,0.86,0.84,0.71,0.81,0.82,0.7,0.69,0.7,0.43,0.88,0.85,0.79,0.69,0.6,0.66,0.57,0.87,0.9,0.75,0.82,0.71,0.75,0.84,0.71,0.68,0.74,0.4,0.43,0.35,0.65,0.6,0.5,0.55,0.38,0.38,0.64,0.42,0.52,0.69,0.65,0.52,0.57,0.55,0.52,0.34,0.91,0.75,0.73,0.71,0.81,0.55,0.73,0.55,0.46,0.05,0.11,0.32,0.51,0.87,0.61,0.72,0.69,0.73,0.64,0.32,0.1,0.1,0.42,0.26
losj_1_3y,1 year but less than 3 years,89541,0.6,0.74,0.82,0.71,0.82,0.58,0.78,0.71,0.32,0.45,0.88,0.8,0.75,0.57,0.71,0.81,0.83,0.72,0.84,0.82,0.67,0.76,0.8,0.69,0.66,0.68,0.44,0.86,0.83,0.77,0.64,0.57,0.57,0.53,0.81,0.86,0.66,0.77,0.68,0.76,0.87,0.67,0.61,0.69,0.31,0.36,0.27,0.58,0.52,0.44,0.45,0.33,0.33,0.57,0.37,0.47,0.6,0.55,0.5,0.48,0.46,0.45,0.41,0.89,0.71,0.69,0.68,0.77,0.48,0.68,0.56,0.46,0.09,0.14,0.28,0.49,0.9,0.67,0.68,0.65,0.7,0.62,0.32,0.13,0.12,0.41,0.23
losj_3_5y,3 years but less than 5 years,40862,0.56,0.73,0.8,0.68,0.8,0.51,0.73,0.7,0.26,0.4,0.87,0.79,0.74,0.54,0.69,0.79,0.81,0.68,0.82,0.79,0.64,0.72,0.77,0.67,0.62,0.65,0.43,0.84,0.81,0.74,0.61,0.5,0.49,0.44,0.76,0.83,0.61,0.73,0.66,0.76,0.87,0.64,0.6,0.67,0.25,0.31,0.23,0.52,0.46,0.41,0.38,0.3,0.28,0.52,0.33,0.41,0.53,0.46,0.49,0.43,0.41,0.41,0.39,0.88,0.67,0.63,0.65,0.73,0.43,0.65,0.53,0.44,0.1,0.14,0.26,0.5,0.91,0.71,0.65,0.63,0.69,0.61,0.32,0.15,0.13,0.4,0.17
losj_5_10y,5 years but less than 10 years,35530,0.54,0.72,0.78,0.67,0.79,0.47,0.72,0.69,0.25,0.37,0.87,0.79,0.74,0.52,0.67,0.77,0.79,0.67,0.81,0.78,0.62,0.7,0.76,0.67,0.6,0.63,0.41,0.84,0.8,0.72,0.59,0.46,0.44,0.39,0.74,0.82,0.6,0.71,0.65,0.75,0.87,0.62,0.59,0.67,0.24,0.29,0.21,0.48,0.43,0.4,0.35,0.28,0.25,0.49,0.31,0.38,0.49,0.42,0.47,0.4,0.38,0.39,0.38,0.87,0.65,0.6,0.62,0.71,0.39,0.62,0.51,0.43,0.11,0.13,0.24,0.52,0.91,0.73,0.64,0.63,0.69,0.61,0.32,0.16,0.13,0.38,0.16
losj_10yp,10 years or more,57898,0.52,0.68,0.76,0.64,0.77,0.44,0.69,0.68,0.22,0.34,0.85,0.78,0.71,0.46,0.59,0.74,0.77,0.64,0.77,0.74,0.61,0.67,0.75,0.66,0.58,0.61,0.41,0.83,0.79,0.69,0.58,0.43,0.41,0.35,0.72,0.81,0.57,0.67,0.62,0.74,0.84,0.6,0.59,0.66,0.21,0.26,0.19,0.44,0.4,0.37,0.31,0.27,0.22,0.46,0.28,0.34,0.45,0.37,0.46,0.38,0.35,0.34,0.33,0.85,0.6,0.57,0.6,0.68,0.36,0.58,0.48,0.42,0.13,0.11,0.2,0.56,0.9,0.72,0.61,0.62,0.68,0.6,0.33,0.16,0.14,0.39,0.16
loso_lt1y,Less than 1 year,31905,0.68,0.75,0.81,0.73,0.83,0.61,0.84,0.75,0.43,0.55,0.91,0.77,0.77,0.57,0.71,0.8,0.82,0.77,0.85,0.82,0.7,0.82,0.81,0.69,0.7,0.7,0.42,0.88,0.84,0.76,0.68,0.59,0.64,0.54,0.88,0.9,0.75,0.84,0.71,0.74,0.85,0.73,0.72,0.77,0.44,0.46,0.39,0.68,0.63,0.52,0.6,0.43,0.42,0.67,0.44,0.54,0.75,0.73,0.46,0.63,0.61,0.54,0.27,0.9,0.73,0.75,0.71,0.82,0.58,0.73,0.54,0.47,0.05,0.13,0.38,0.45,0.81,0.51,0.73,0.69,0.72,0.64,0.32,0.07,0.07,0.41,0.28
loso_1_3y,1 year but less than 3 years,43378,0.61,0.71,0.8,0.71,0.8,0.58,0.78,0.72,0.33,0.47,0.87,0.76,0.73,0.52,0.67,0.79,0.81,0.73,0.84,0.81,0.66,0.76,0.8,0.69,0.67,0.68,0.42,0.85,0.81,0.74,0.63,0.59,0.58,0.53,0.81,0.86,0.66,0.78,0.68,0.75,0.86,0.68,0.63,0.7,0.33,0.38,0.3,0.6,0.54,0.44,0.48,0.35,0.37,0.59,0.36,0.48,0.65,0.61,0.44,0.51,0.49,0.46,0.36,0.89,0.69,0.71,0.67,0.78,0.51,0.69,0.57,0.47,0.09,0.18,0.33,0.4,0.85,0.57,0.67,0.64,0.68,0.61,0.33,0.13,0.13,0.44,0.25
loso_3_5y,3 years but less than 5 years,24846,0.59,0.71,0.79,0.68,0.79,0.55,0.74,0.69,0.29,0.43,0.87,0.77,0.72,0.53,0.68,0.78,0.8,0.7,0.83,0.8,0.64,0.73,0.78,0.67,0.64,0.65,0.4,0.83,0.8,0.73,0.61,0.54,0.53,0.5,0.78,0.84,0.63,0.74,0.66,0.73,0.86,0.65,0.59,0.67,0.28,0.33,0.25,0.57,0.5,0.42,0.43,0.31,0.32,0.54,0.34,0.44,0.61,0.55,0.46,0.46,0.44,0.43,0.37,0.88,0.67,0.67,0.64,0.74,0.47,0.66,0.51,0.42,0.1,0.16,0.31,0.42,0.88,0.62,0.64,0.63,0.67,0.6,0.33,0.15,0.14,0.42,0.2
loso_5_10y,5 years but less than 10 years,30583,0.58,0.74,0.79,0.68,0.8,0.54,0.74,0.69,0.29,0.42,0.88,0.79,0.74,0.56,0.71,0.78,0.81,0.69,0.83,0.8,0.64,0.73,0.78,0.67,0.63,0.65,0.41,0.84,0.81,0.74,0.61,0.52,0.52,0.49,0.77,0.83,0.64,0.74,0.67,0.74,0.86,0.64,0.59,0.66,0.29,0.34,0.25,0.55,0.49,0.43,0.41,0.31,0.3,0.53,0.35,0.43,0.58,0.51,0.48,0.45,0.43,0.43,0.39,0.88,0.69,0.65,0.64,0.74,0.45,0.65,0.51,0.42,0.1,0.14,0.29,0.47,0.91,0.7,0.66,0.64,0.69,0.61,0.33,0.16,0.14,0.41,0.17
loso_10yp,10 years or more,149715,0.56,0.74,0.81,0.69,0.82,0.52,0.75,0.7,0.27,0.4,0.88,0.82,0.76,0.56,0.69,0.8,0.82,0.69,0.83,0.8,0.66,0.73,0.78,0.69,0.62,0.66,0.44,0.86,0.83,0.76,0.63,0.5,0.51,0.44,0.78,0.85,0.64,0.73,0.66,0.76,0.85,0.63,0.6,0.68,0.26,0.31,0.23,0.51,0.46,0.42,0.38,0.29,0.26,0.52,0.33,0.41,0.5,0.43,0.52,0.42,0.4,0.41,0.39,0.88,0.68,0.63,0.66,0.74,0.42,0.65,0.53,0.44,0.1,0.1,0.22,0.58,0.94,0.76,0.66,0.64,0.71,0.62,0.31,0.14,0.12,0.38,0.19
losc_lt1y,Less than 1 year,23666,0.69,0.74,0.81,0.73,0.83,0.62,0.85,0.77,0.44,0.55,0.91,0.77,0.77,0.56,0.7,0.8,0.82,0.77,0.85,0.82,0.7,0.82,0.82,0.7,0.71,0.71,0.44,0.88,0.84,0.76,0.69,0.59,0.64,0.55,0.89,0.9,0.76,0.85,0.72,0.75,0.86,0.74,0.73,0.79,0.44,0.48,0.4,0.66,0.63,0.52,0.6,0.44,0.43,0.68,0.44,0.54,0.77,0.74,0.49,0.65,0.62,0.53,0.26,0.91,0.72,0.76,0.72,0.83,0.58,0.72,0.48,0.45,0.04,0.12,0.36,0.49,0.75,0.46,0.72,0.69,0.72,0.65,0.32,0.06,0.06,0.41,0.3
losc_1_3y,1 year but less than 3 years,35241,0.62,0.69,0.79,0.7,0.79,0.58,0.78,0.72,0.32,0.46,0.86,0.74,0.71,0.5,0.64,0.78,0.8,0.73,0.83,0.81,0.66,0.76,0.8,0.69,0.68,0.68,0.41,0.85,0.81,0.72,0.63,0.59,0.58,0.52,0.81,0.86,0.65,0.78,0.67,0.75,0.87,0.68,0.65,0.71,0.32,0.37,0.29,0.58,0.54,0.43,0.47,0.34,0.36,0.58,0.35,0.47,0.66,0.62,0.44,0.52,0.5,0.44,0.33,0.9,0.68,0.71,0.67,0.78,0.51,0.69,0.55,0.46,0.09,0.17,0.32,0.42,0.82,0.52,0.65,0.64,0.67,0.6,0.33,0.13,0.12,0.45,0.27
losc_3_5y,3 years but less than 5 years,25612,0.59,0.72,0.78,0.68,0.79,0.54,0.75,0.69,0.29,0.43,0.88,0.78,0.73,0.52,0.68,0.77,0.79,0.7,0.83,0.8,0.64,0.74,0.78,0.67,0.64,0.65,0.39,0.83,0.8,0.73,0.6,0.54,0.53,0.5,0.78,0.84,0.63,0.74,0.66,0.73,0.87,0.65,0.58,0.66,0.28,0.33,0.25,0.56,0.51,0.4,0.43,0.3,0.31,0.54,0.33,0.44,0.62,0.55,0.47,0.46,0.44,0.42,0.34,0.88,0.67,0.67,0.65,0.74,0.48,0.66,0.5,0.4,0.1,0.16,0.32,0.42,0.87,0.59,0.64,0.64,0.68,0.6,0.33,0.15,0.13,0.43,0.2
losc_5_10y,5 years but less than 10 years,29790,0.59,0.74,0.8,0.68,0.8,0.54,0.75,0.7,0.31,0.43,0.88,0.79,0.75,0.56,0.71,0.78,0.81,0.7,0.83,0.81,0.64,0.73,0.78,0.66,0.63,0.65,0.41,0.84,0.81,0.75,0.61,0.53,0.53,0.5,0.78,0.84,0.65,0.75,0.67,0.74,0.87,0.65,0.59,0.67,0.3,0.35,0.26,0.56,0.5,0.43,0.43,0.31,0.31,0.54,0.35,0.45,0.6,0.54,0.48,0.46,0.44,0.45,0.38,0.88,0.69,0.67,0.64,0.74,0.46,0.66,0.53,0.43,0.09,0.15,0.31,0.44,0.92,0.69,0.67,0.64,0.69,0.61,0.33,0.15,0.14,0.42,0.17
losc_10yp,10 years or more,158931,0.56,0.74,0.81,0.69,0.81,0.52,0.75,0.7,0.27,0.41,0.88,0.82,0.75,0.56,0.7,0.8,0.83,0.69,0.83,0.8,0.66,0.73,0.78,0.69,0.63,0.66,0.43,0.86,0.83,0.76,0.63,0.51,0.51,0.44,0.77,0.85,0.64,0.73,0.66,0.76,0.85,0.64,0.61,0.69,0.26,0.31,0.23,0.52,0.46,0.43,0.39,0.3,0.27,0.53,0.34,0.42,0.5,0.44,0.5,0.43,0.41,0.43,0.4,0.87,0.68,0.63,0.65,0.74,0.42,0.66,0.56,0.47,0.1,0.11,0.23,0.56,0.95,0.77,0.67,0.64,0.71,0.62,0.32,0.14,0.13,0.38,0.19
m_nonm,Non-manager,206607,0.56,0.69,0.78,0.67,0.78,0.51,0.74,0.7,0.28,0.39,0.85,0.76,0.71,0.47,0.62,0.76,0.79,0.68,0.81,0.77,0.63,0.72,0.77,0.68,0.63,0.65,0.38,0.84,0.8,0.7,0.61,0.5,0.5,0.43,0.77,0.84,0.62,0.72,0.65,0.74,0.84,0.64,0.64,0.71,0.27,0.32,0.25,0.51,0.46,0.4,0.39,0.3,0.28,0.52,0.31,0.39,0.53,0.48,0.44,0.44,0.41,0.38,0.31,0.87,0.64,0.63,0.61,0.72,0.42,0.63,0.5,0.42,0.1,0.12,0.26,0.51,0.87,0.64,0.63,0.62,0.67,0.6,0.33,0.14,0.12,0.4,0.2
m_man,Manager,92124,0.64,0.84,0.86,0.74,0.87,0.62,0.81,0.72,0.34,0.51,0.93,0.88,0.83,0.71,0.83,0.85,0.87,0.75,0.86,0.86,0.71,0.79,0.81,0.7,0.66,0.7,0.53,0.88,0.87,0.85,0.68,0.59,0.61,0.58,0.84,0.88,0.73,0.81,0.72,0.79,0.9,0.69,0.57,0.65,0.35,0.39,0.29,0.63,0.58,0.5,0.51,0.36,0.36,0.62,0.45,0.54,0.65,0.58,0.6,0.53,0.51,0.55,0.5,0.91,0.78,0.73,0.77,0.81,0.54,0.73,0.61,0.5,0.07,0.13,0.28,0.52,0.95,0.78,0.75,0.7,0.76,0.66,0.3,0.12,0.11,0.39,0.2
wp_ft,Full-time,242871,0.59,0.74,0.8,0.69,0.8,0.55,0.76,0.7,0.3,0.44,0.88,0.8,0.75,0.56,0.7,0.79,0.81,0.7,0.82,0.8,0.65,0.74,0.78,0.68,0.64,0.66,0.43,0.85,0.82,0.75,0.63,0.54,0.54,0.49,0.79,0.85,0.65,0.75,0.67,0.75,0.86,0.65,0.61,0.67,0.3,0.34,0.26,0.56,0.51,0.44,0.43,0.32,0.31,0.55,0.36,0.44,0.58,0.52,0.5,0.47,0.45,0.44,0.37,0.88,0.69,0.66,0.67,0.75,0.46,0.66,0.53,0.44,0.09,0.13,0.27,0.51,0.89,0.67,0.66,0.64,0.69,0.61,0.32,0.14,0.13,0.4,0.2
wp_pt,Part-time,54868,0.56,0.7,0.81,0.7,0.82,0.51,0.77,0.73,0.3,0.4,0.86,0.79,0.73,0.49,0.63,0.8,0.82,0.71,0.84,0.79,0.68,0.74,0.79,0.71,0.65,0.67,0.42,0.88,0.84,0.75,0.64,0.49,0.5,0.4,0.8,0.87,0.64,0.75,0.67,0.77,0.84,0.65,0.66,0.77,0.29,0.35,0.27,0.5,0.46,0.42,0.38,0.31,0.27,0.53,0.32,0.41,0.49,0.45,0.47,0.44,0.42,0.41,0.38,0.88,0.65,0.65,0.64,0.75,0.42,0.66,0.53,0.46,0.09,0.11,0.25,0.55,0.91,0.71,0.68,0.69,0.75,0.66,0.33,0.14,0.1,0.42,0.22
wp_js,Job-share,1027,0.63,0.76,0.85,0.71,0.85,0.58,0.79,0.75,0.37,0.51,0.89,0.81,0.77,0.61,0.74,0.84,0.87,0.71,0.86,0.81,0.7,0.76,0.79,0.68,0.63,0.65,0.51,0.89,0.86,0.8,0.65,0.53,0.61,0.51,0.81,0.86,0.71,0.78,0.74,0.79,0.89,0.72,0.63,0.74,0.37,0.39,0.34,0.65,0.59,0.47,0.53,0.39,0.36,0.65,0.44,0.55,0.64,0.62,0.54,0.54,0.53,0.57,0.47,0.89,0.72,0.71,0.72,0.77,0.56,0.7,0.58,0.5,0.07,0.12,0.35,0.46,0.88,0.68,0.72,0.76,0.81,0.72,0.34,0.12,0.11,0.39,0.27
es_perm,Permanent contract,277253,0.58,0.73,0.8,0.69,0.81,0.54,0.75,0.7,0.29,0.42,0.88,0.8,0.75,0.55,0.68,0.79,0.81,0.7,0.83,0.8,0.66,0.74,0.78,0.69,0.64,0.66,0.43,0.85,0.82,0.75,0.63,0.53,0.54,0.47,0.78,0.85,0.64,0.74,0.67,0.75,0.85,0.65,0.61,0.68,0.29,0.34,0.25,0.54,0.49,0.43,0.41,0.31,0.29,0.54,0.34,0.43,0.55,0.49,0.49,0.46,0.43,0.43,0.37,0.88,0.68,0.65,0.66,0.75,0.45,0.66,0.54,0.45,0.1,0.12,0.26,0.52,0.91,0.69,0.66,0.64,0.7,0.61,0.32,0.14,0.12,0.4,0.2
es_fixed,Fixed term contract,12162,0.68,0.73,0.81,0.71,0.81,0.58,0.82,0.76,0.42,0.52,0.9,0.76,0.76,0.56,0.69,0.8,0.82,0.74,0.82,0.8,0.68,0.79,0.81,0.68,0.68,0.69,0.44,0.86,0.83,0.75,0.67,0.57,0.56,0.53,0.85,0.88,0.73,0.82,0.72,0.75,0.86,0.73,0.71,0.76,0.43,0.45,0.39,0.64,0.61,0.5,0.56,0.42,0.4,0.64,0.42,0.52,0.74,0.7,0.51,0.61,0.59,0.51,0.3,0.9,0.71,0.73,0.69,0.8,0.55,0.69,0.49,0.44,0.06,0.15,0.35,0.45,0.77,0.5,0.69,0.67,0.71,0.63,0.33,0.1,0.09,0.42,0.26
es_loan,Loaned from other CS organisation,3758,0.67,0.81,0.83,0.73,0.86,0.61,0.84,0.72,0.37,0.58,0.93,0.84,0.81,0.66,0.83,0.82,0.85,0.77,0.88,0.88,0.71,0.82,0.84,0.67,0.67,0.7,0.41,0.89,0.86,0.82,0.69,0.59,0.62,0.55,0.89,0.89,0.78,0.81,0.71,0.72,0.86,0.72,0.62,0.68,0.39,0.42,0.32,0.74,0.69,0.5,0.65,0.43,0.43,0.66,0.49,0.61,0.74,0.69,0.48,0.61,0.6,0.65,0.41,0.9,0.8,0.75,0.74,0.79,0.65,0.77,0.72,0.55,0.08,0.24,0.47,0.21,0.95,0.65,0.79,0.73,0.77,0.67,0.32,0.09,0.09,0.49,0.24
es_temp,Temporary/agency worker,3380,0.64,0.66,0.74,0.66,0.78,0.41,0.78,0.78,0.31,0.47,0.85,0.67,0.69,0.45,0.61,0.71,0.78,0.69,0.77,0.73,0.61,0.77,0.77,0.58,0.61,0.63,0.44,0.86,0.8,0.67,0.54,0.4,0.36,0.34,0.81,0.86,0.68,0.79,0.73,0.78,0.9,0.76,0.74,0.8,0.36,0.23,0.33,0.61,0.54,0.48,0.5,0.39,0.35,0.58,0.34,0.43,0.66,0.63,0.43,0.55,0.52,0.45,0.25,0.92,0.65,0.69,0.64,0.75,0.47,0.62,0.39,0.41,0.08,0.2,0.32,0.4,0.58,0.41,0.59,0.6,0.66,0.6,0.3,0.1,0.08,0.49,0.27
es_contract,Contractor/freelancer,1566,0.67,0.8,0.78,0.68,0.83,0.36,0.84,0.78,0.46,0.5,0.93,0.82,0.82,0.63,0.79,0.75,0.82,0.7,0.82,0.82,0.66,0.77,0.8,0.61,0.61,0.64,0.41,0.85,0.84,0.79,0.43,0.36,0.31,0.32,0.87,0.88,0.79,0.83,0.69,0.75,0.94,0.75,0.76,0.77,0.52,0.39,0.46,0.58,0.56,0.51,0.53,0.39,0.44,0.58,0.44,0.53,0.69,0.65,0.53,0.57,0.57,0.52,0.32,0.93,0.76,0.7,0.73,0.82,0.5,0.61,0.33,0.33,0.05,0.17,0.44,0.34,0.59,0.41,0.63,0.74,0.77,0.72,0.24,0.07,0.08,0.39,0.27
es_secondee,Secondee from outside CS,1346,0.65,0.82,0.76,0.73,0.83,0.5,0.85,0.74,0.47,0.51,0.94,0.84,0.82,0.68,0.82,0.75,0.77,0.77,0.87,0.87,0.68,0.83,0.84,0.65,0.66,0.71,0.39,0.86,0.83,0.79,0.58,0.5,0.44,0.48,0.87,0.9,0.78,0.83,0.69,0.73,0.88,0.71,0.68,0.74,0.51,0.46,0.44,0.64,0.61,0.5,0.56,0.35,0.35,0.63,0.43,0.55,0.67,0.65,0.46,0.54,0.52,0.54,0.37,0.91,0.77,0.75,0.79,0.83,0.54,0.68,0.3,0.26,0.06,0.18,0.41,0.35,0.71,0.48,0.71,0.74,0.8,0.7,0.28,0.07,0.05,0.27,0.38
oh_ops,Operations,170517,0.57,0.7,0.8,0.69,0.8,0.53,0.75,0.71,0.28,0.41,0.86,0.78,0.73,0.5,0.62,0.79,0.81,0.7,0.81,0.78,0.67,0.73,0.78,0.7,0.64,0.66,0.44,0.86,0.82,0.73,0.63,0.52,0.52,0.44,0.78,0.85,0.62,0.74,0.67,0.77,0.85,0.64,0.63,0.7,0.27,0.33,0.25,0.51,0.47,0.42,0.39,0.32,0.3,0.53,0.33,0.41,0.53,0.47,0.48,0.45,0.43,0.4,0.37,0.87,0.65,0.65,0.65,0.74,0.43,0.65,0.53,0.47,0.1,0.11,0.23,0.56,0.89,0.7,0.65,0.63,0.69,0.61,0.32,0.14,0.13,0.41,0.2
oh_corp,Corporate Services,54537,0.61,0.78,0.82,0.71,0.83,0.57,0.79,0.71,0.34,0.47,0.9,0.82,0.77,0.63,0.79,0.81,0.83,0.72,0.86,0.84,0.67,0.77,0.8,0.68,0.64,0.67,0.42,0.85,0.84,0.79,0.65,0.55,0.56,0.54,0.82,0.86,0.69,0.78,0.67,0.73,0.87,0.68,0.62,0.71,0.35,0.38,0.29,0.6,0.53,0.48,0.47,0.32,0.34,0.59,0.39,0.49,0.61,0.55,0.52,0.49,0.47,0.48,0.39,0.9,0.75,0.69,0.69,0.78,0.48,0.69,0.58,0.47,0.08,0.13,0.3,0.48,0.91,0.69,0.69,0.67,0.72,0.63,0.31,0.13,0.12,0.39,0.21
oh_pol,Policy,22087,0.66,0.81,0.86,0.73,0.84,0.6,0.82,0.72,0.36,0.53,0.93,0.85,0.8,0.67,0.82,0.85,0.86,0.75,0.88,0.87,0.69,0.81,0.84,0.7,0.67,0.71,0.41,0.88,0.85,0.8,0.65,0.57,0.64,0.55,0.85,0.89,0.75,0.79,0.73,0.74,0.87,0.72,0.58,0.66,0.37,0.39,0.31,0.72,0.65,0.45,0.58,0.38,0.35,0.65,0.44,0.54,0.7,0.66,0.56,0.55,0.53,0.59,0.44,0.89,0.76,0.73,0.7,0.79,0.59,0.74,0.6,0.42,0.06,0.16,0.39,0.39,0.95,0.68,0.76,0.69,0.74,0.65,0.34,0.11,0.1,0.39,0.22
oh_spec,Specialist services,33897,0.6,0.78,0.78,0.68,0.8,0.56,0.78,0.7,0.31,0.43,0.92,0.83,0.79,0.59,0.76,0.77,0.79,0.7,0.85,0.83,0.62,0.76,0.79,0.65,0.62,0.65,0.37,0.84,0.82,0.75,0.63,0.56,0.52,0.52,0.81,0.86,0.68,0.76,0.68,0.73,0.88,0.64,0.58,0.67,0.31,0.35,0.26,0.57,0.52,0.42,0.44,0.29,0.28,0.56,0.35,0.46,0.62,0.55,0.48,0.46,0.43,0.47,0.34,0.9,0.72,0.67,0.67,0.76,0.47,0.66,0.46,0.34,0.08,0.14,0.35,0.42,0.88,0.59,0.67,0.65,0.71,0.62,0.33,0.12,0.1,0.38,0.2
oh_oth,Other,14181,0.56,0.73,0.75,0.65,0.77,0.48,0.72,0.67,0.27,0.37,0.89,0.79,0.75,0.53,0.7,0.74,0.77,0.66,0.8,0.78,0.61,0.71,0.76,0.63,0.59,0.62,0.38,0.81,0.78,0.72,0.57,0.48,0.44,0.43,0.75,0.81,0.62,0.69,0.63,0.72,0.85,0.62,0.58,0.64,0.28,0.3,0.23,0.5,0.45,0.38,0.37,0.25,0.23,0.47,0.3,0.37,0.55,0.45,0.47,0.41,0.38,0.37,0.29,0.86,0.66,0.59,0.64,0.69,0.39,0.6,0.44,0.35,0.1,0.12,0.26,0.51,0.85,0.62,0.59,0.63,0.68,0.61,0.32,0.16,0.14,0.4,0.18
od_op_admin,Operations - Administrative,20767,0.59,0.69,0.76,0.67,0.77,0.47,0.74,0.75,0.28,0.41,0.84,0.71,0.69,0.51,0.68,0.75,0.78,0.67,0.81,0.77,0.62,0.71,0.77,0.65,0.62,0.65,0.4,0.81,0.79,0.71,0.62,0.43,0.46,0.37,0.78,0.82,0.63,0.74,0.7,0.78,0.88,0.71,0.67,0.75,0.27,0.32,0.26,0.55,0.49,0.44,0.43,0.33,0.27,0.51,0.32,0.38,0.57,0.49,0.46,0.46,0.43,0.39,0.32,0.9,0.69,0.65,0.6,0.73,0.43,0.59,0.45,0.41,0.08,0.12,0.24,0.56,0.83,0.63,0.63,0.63,0.67,0.6,0.32,0.13,0.12,0.45,0.24
od_op_voice,Operations - Call centre,15031,0.53,0.55,0.79,0.72,0.81,0.53,0.73,0.68,0.27,0.39,0.77,0.69,0.62,0.34,0.34,0.78,0.8,0.73,0.8,0.75,0.7,0.74,0.8,0.76,0.71,0.68,0.54,0.9,0.84,0.7,0.61,0.52,0.56,0.42,0.76,0.87,0.55,0.74,0.63,0.76,0.8,0.61,0.63,0.67,0.24,0.33,0.24,0.5,0.45,0.4,0.37,0.32,0.31,0.51,0.28,0.41,0.48,0.46,0.41,0.44,0.43,0.38,0.36,0.83,0.55,0.67,0.65,0.75,0.45,0.68,0.56,0.53,0.15,0.13,0.21,0.51,0.87,0.69,0.66,0.58,0.63,0.55,0.35,0.14,0.11,0.42,0.22
od_op_casew,Operations - Casework,26610,0.54,0.67,0.79,0.68,0.8,0.51,0.74,0.68,0.25,0.38,0.85,0.79,0.69,0.44,0.57,0.77,0.81,0.68,0.81,0.76,0.66,0.72,0.77,0.7,0.63,0.65,0.41,0.87,0.82,0.71,0.61,0.49,0.52,0.4,0.78,0.86,0.58,0.73,0.63,0.76,0.81,0.6,0.6,0.71,0.23,0.31,0.22,0.5,0.44,0.39,0.35,0.28,0.25,0.51,0.28,0.38,0.48,0.45,0.43,0.41,0.4,0.36,0.31,0.86,0.59,0.63,0.61,0.74,0.41,0.65,0.52,0.46,0.11,0.11,0.23,0.54,0.89,0.66,0.64,0.61,0.67,0.59,0.34,0.14,0.12,0.39,0.21
od_op_fraud,Operations - Counter Fraud,60,0.53,0.84,0.76,0.71,0.83,0.45,0.73,0.68,0.25,0.31,0.97,0.9,0.8,0.63,0.88,0.76,0.75,0.72,0.88,0.76,0.63,0.72,0.77,0.75,0.66,0.75,0.48,0.88,0.85,0.77,0.55,0.52,0.35,0.38,0.8,0.9,0.55,0.65,0.62,0.78,0.78,0.51,0.64,0.75,0.22,0.3,0.23,0.47,0.28,0.35,0.28,0.2,0.2,0.38,0.28,0.38,0.42,0.37,0.38,0.37,0.4,0.37,0.37,0.9,0.67,0.5,0.64,0.63,0.27,0.64,0.55,0.42,0.1,0.18,0.28,0.43,0.95,0.72,0.53,0.62,0.69,0.56,0.24,0.14,0.12,0.29,0.29
od_op_dmb,Operations - Debt management and banking,2334,0.49,0.62,0.81,0.7,0.84,0.55,0.74,0.71,0.16,0.39,0.77,0.73,0.62,0.45,0.52,0.79,0.82,0.69,0.83,0.79,0.69,0.73,0.78,0.72,0.65,0.66,0.46,0.9,0.86,0.78,0.68,0.5,0.58,0.42,0.78,0.88,0.55,0.74,0.62,0.76,0.8,0.61,0.71,0.75,0.14,0.22,0.13,0.53,0.46,0.37,0.36,0.3,0.28,0.52,0.3,0.42,0.41,0.4,0.39,0.39,0.37,0.39,0.4,0.86,0.62,0.7,0.66,0.76,0.44,0.67,0.64,0.55,0.12,0.12,0.22,0.53,0.91,0.73,0.65,0.59,0.66,0.58,0.33,0.15,0.13,0.5,0.24
od_op_f2f,Operations - Face to face,26206,0.62,0.76,0.86,0.72,0.82,0.61,0.78,0.74,0.38,0.47,0.92,0.85,0.83,0.56,0.65,0.85,0.86,0.74,0.82,0.8,0.73,0.74,0.81,0.74,0.7,0.7,0.46,0.87,0.84,0.76,0.69,0.63,0.57,0.53,0.8,0.87,0.7,0.77,0.72,0.81,0.88,0.68,0.67,0.71,0.37,0.42,0.35,0.48,0.49,0.48,0.43,0.42,0.41,0.61,0.4,0.47,0.6,0.56,0.58,0.55,0.53,0.43,0.44,0.89,0.7,0.67,0.68,0.77,0.47,0.69,0.59,0.57,0.08,0.1,0.21,0.61,0.92,0.75,0.69,0.67,0.74,0.65,0.31,0.14,0.13,0.43,0.2
od_op_mgmt,Operations - Inspection,2218,0.6,0.77,0.83,0.71,0.78,0.49,0.74,0.67,0.29,0.44,0.94,0.88,0.83,0.52,0.7,0.81,0.84,0.72,0.84,0.8,0.7,0.76,0.8,0.75,0.65,0.68,0.39,0.86,0.81,0.68,0.56,0.56,0.41,0.45,0.77,0.86,0.65,0.68,0.64,0.8,0.87,0.59,0.53,0.59,0.3,0.33,0.25,0.61,0.55,0.49,0.46,0.27,0.28,0.55,0.34,0.39,0.63,0.49,0.54,0.48,0.44,0.48,0.35,0.87,0.59,0.59,0.69,0.68,0.52,0.7,0.46,0.35,0.08,0.12,0.3,0.5,0.94,0.71,0.68,0.67,0.74,0.64,0.3,0.15,0.11,0.33,0.17
od_op_inspct,Operations - Investigation,5981,0.5,0.71,0.75,0.64,0.77,0.45,0.7,0.64,0.21,0.29,0.89,0.77,0.73,0.5,0.66,0.73,0.77,0.64,0.82,0.77,0.57,0.69,0.75,0.61,0.56,0.62,0.35,0.84,0.78,0.68,0.51,0.47,0.42,0.39,0.74,0.81,0.57,0.67,0.62,0.69,0.79,0.49,0.59,0.65,0.23,0.21,0.19,0.4,0.36,0.28,0.27,0.16,0.15,0.4,0.23,0.31,0.47,0.35,0.4,0.32,0.3,0.3,0.26,0.85,0.64,0.55,0.64,0.68,0.3,0.6,0.38,0.27,0.12,0.15,0.29,0.44,0.92,0.69,0.57,0.62,0.68,0.61,0.28,0.19,0.15,0.38,0.15
od_op_invstg,Operations - Logistics,3899,0.56,0.74,0.7,0.65,0.75,0.48,0.72,0.69,0.25,0.36,0.87,0.79,0.73,0.59,0.72,0.67,0.72,0.65,0.78,0.78,0.6,0.71,0.76,0.6,0.57,0.57,0.43,0.79,0.77,0.69,0.58,0.45,0.47,0.44,0.75,0.81,0.62,0.69,0.64,0.71,0.85,0.64,0.61,0.68,0.25,0.28,0.21,0.48,0.44,0.39,0.36,0.25,0.21,0.45,0.28,0.37,0.55,0.46,0.5,0.42,0.38,0.32,0.28,0.89,0.69,0.64,0.7,0.7,0.38,0.56,0.35,0.3,0.11,0.11,0.21,0.57,0.77,0.58,0.53,0.62,0.68,0.61,0.3,0.15,0.11,0.38,0.15
od_op_lgstcs,Operations - Management,7915,0.64,0.83,0.88,0.76,0.87,0.62,0.82,0.74,0.34,0.53,0.92,0.87,0.82,0.72,0.84,0.87,0.89,0.77,0.86,0.87,0.75,0.8,0.82,0.72,0.69,0.72,0.58,0.88,0.87,0.86,0.71,0.58,0.62,0.57,0.85,0.87,0.73,0.83,0.74,0.8,0.9,0.72,0.6,0.69,0.32,0.4,0.28,0.66,0.6,0.54,0.53,0.38,0.37,0.65,0.46,0.55,0.66,0.58,0.63,0.56,0.54,0.57,0.53,0.91,0.8,0.76,0.8,0.84,0.57,0.75,0.62,0.54,0.07,0.11,0.24,0.58,0.96,0.82,0.78,0.7,0.75,0.66,0.3,0.11,0.11,0.41,0.22
od_op_offmgmt,Operations - Offender management,5001,0.55,0.69,0.72,0.56,0.72,0.49,0.65,0.62,0.17,0.33,0.86,0.81,0.7,0.51,0.57,0.73,0.72,0.6,0.62,0.66,0.53,0.63,0.66,0.5,0.5,0.51,0.37,0.79,0.73,0.64,0.49,0.48,0.52,0.46,0.68,0.78,0.52,0.63,0.57,0.68,0.84,0.6,0.51,0.5,0.18,0.19,0.15,0.43,0.43,0.33,0.32,0.27,0.23,0.41,0.27,0.32,0.59,0.35,0.54,0.41,0.38,0.26,0.27,0.83,0.56,0.51,0.75,0.68,0.37,0.53,0.3,0.3,0.12,0.11,0.18,0.6,0.75,0.64,0.5,0.63,0.7,0.62,0.3,0.2,0.17,0.35,0.16
od_op_process,Operations - Processing,21590,0.53,0.63,0.78,0.67,0.8,0.49,0.73,0.7,0.25,0.38,0.8,0.71,0.65,0.43,0.55,0.76,0.79,0.67,0.79,0.74,0.65,0.7,0.76,0.69,0.63,0.64,0.44,0.86,0.82,0.71,0.61,0.46,0.5,0.38,0.76,0.84,0.59,0.72,0.65,0.77,0.82,0.62,0.65,0.73,0.23,0.31,0.22,0.48,0.42,0.39,0.34,0.31,0.27,0.5,0.3,0.38,0.45,0.44,0.41,0.42,0.41,0.37,0.35,0.87,0.6,0.63,0.6,0.72,0.4,0.61,0.53,0.48,0.11,0.12,0.21,0.56,0.88,0.68,0.64,0.61,0.66,0.59,0.33,0.15,0.13,0.41,0.19
od_op_tax,Operations - Tax ,5198,0.47,0.74,0.82,0.68,0.81,0.52,0.72,0.66,0.16,0.33,0.87,0.85,0.75,0.5,0.71,0.8,0.84,0.68,0.85,0.8,0.65,0.72,0.76,0.72,0.59,0.66,0.39,0.86,0.82,0.74,0.61,0.53,0.49,0.45,0.76,0.87,0.57,0.7,0.6,0.75,0.78,0.56,0.58,0.67,0.17,0.18,0.13,0.52,0.42,0.34,0.29,0.18,0.17,0.46,0.25,0.36,0.36,0.34,0.41,0.29,0.28,0.36,0.33,0.85,0.65,0.59,0.61,0.72,0.38,0.68,0.57,0.39,0.13,0.11,0.25,0.52,0.95,0.69,0.61,0.62,0.67,0.59,0.33,0.16,0.13,0.33,0.2
od_op_trspt,Operations - Transport,2058,0.53,0.61,0.67,0.64,0.7,0.44,0.64,0.66,0.15,0.29,0.87,0.76,0.72,0.36,0.35,0.65,0.69,0.64,0.74,0.71,0.59,0.66,0.74,0.67,0.61,0.61,0.44,0.8,0.73,0.58,0.54,0.43,0.41,0.39,0.69,0.79,0.51,0.59,0.61,0.75,0.85,0.7,0.51,0.53,0.13,0.2,0.12,0.29,0.3,0.34,0.26,0.24,0.24,0.45,0.22,0.25,0.54,0.4,0.4,0.38,0.34,0.26,0.2,0.8,0.49,0.51,0.63,0.65,0.33,0.6,0.43,0.39,0.12,0.11,0.19,0.58,0.87,0.66,0.54,0.61,0.68,0.61,0.32,0.17,0.2,0.44,0.19
od_op_property,Operations - Property,2333,0.62,0.79,0.81,0.7,0.8,0.54,0.77,0.71,0.3,0.44,0.91,0.83,0.78,0.62,0.79,0.78,0.83,0.7,0.82,0.82,0.66,0.75,0.79,0.67,0.63,0.67,0.46,0.83,0.81,0.76,0.64,0.51,0.52,0.5,0.79,0.84,0.68,0.77,0.65,0.75,0.88,0.69,0.58,0.69,0.31,0.34,0.26,0.57,0.51,0.48,0.44,0.32,0.3,0.54,0.37,0.46,0.61,0.53,0.56,0.5,0.47,0.46,0.36,0.89,0.73,0.66,0.69,0.78,0.46,0.67,0.54,0.47,0.07,0.11,0.23,0.58,0.85,0.69,0.66,0.68,0.73,0.64,0.31,0.14,0.15,0.38,0.22
od_op_other,Operations - Other operations,25649,0.59,0.76,0.84,0.71,0.83,0.56,0.77,0.73,0.31,0.45,0.9,0.81,0.78,0.59,0.72,0.83,0.85,0.72,0.84,0.81,0.69,0.75,0.8,0.72,0.66,0.69,0.46,0.87,0.85,0.78,0.66,0.54,0.56,0.48,0.79,0.85,0.67,0.76,0.69,0.77,0.88,0.69,0.66,0.71,0.3,0.36,0.27,0.56,0.51,0.47,0.43,0.35,0.33,0.57,0.39,0.46,0.55,0.5,0.52,0.48,0.46,0.46,0.43,0.89,0.71,0.68,0.68,0.76,0.47,0.69,0.61,0.53,0.09,0.11,0.23,0.57,0.93,0.77,0.69,0.66,0.72,0.64,0.3,0.14,0.13,0.39,0.19
od_cs_commercial,CS - Commercial,3813,0.59,0.78,0.8,0.7,0.8,0.6,0.78,0.69,0.32,0.45,0.9,0.83,0.77,0.62,0.79,0.8,0.81,0.72,0.86,0.84,0.66,0.77,0.81,0.68,0.64,0.65,0.39,0.83,0.81,0.75,0.66,0.58,0.59,0.57,0.8,0.85,0.67,0.78,0.64,0.71,0.87,0.64,0.58,0.7,0.34,0.35,0.27,0.6,0.52,0.47,0.47,0.27,0.3,0.58,0.34,0.45,0.62,0.52,0.48,0.47,0.45,0.46,0.37,0.89,0.71,0.68,0.66,0.78,0.47,0.68,0.59,0.45,0.08,0.15,0.35,0.42,0.91,0.65,0.66,0.66,0.7,0.61,0.32,0.15,0.14,0.37,0.16
od_cs_estates,CS - Estates,572,0.62,0.83,0.8,0.71,0.8,0.57,0.76,0.75,0.25,0.37,0.94,0.86,0.8,0.68,0.86,0.77,0.84,0.69,0.85,0.84,0.64,0.77,0.83,0.66,0.63,0.72,0.46,0.84,0.81,0.75,0.64,0.56,0.48,0.58,0.82,0.82,0.68,0.74,0.72,0.8,0.89,0.69,0.66,0.74,0.26,0.29,0.2,0.53,0.48,0.38,0.38,0.22,0.17,0.48,0.29,0.42,0.64,0.49,0.6,0.47,0.41,0.36,0.25,0.9,0.73,0.63,0.69,0.72,0.4,0.59,0.41,0.33,0.06,0.1,0.26,0.59,0.79,0.57,0.57,0.68,0.72,0.62,0.31,0.12,0.1,0.35,0.14
od_cs_finance,CS - Finance,8318,0.6,0.77,0.83,0.71,0.83,0.57,0.79,0.73,0.34,0.47,0.88,0.81,0.76,0.61,0.79,0.82,0.84,0.71,0.86,0.84,0.66,0.77,0.8,0.69,0.65,0.68,0.43,0.85,0.84,0.79,0.68,0.53,0.56,0.51,0.81,0.86,0.69,0.79,0.68,0.76,0.89,0.68,0.64,0.73,0.34,0.38,0.3,0.63,0.54,0.48,0.47,0.32,0.31,0.58,0.38,0.49,0.57,0.53,0.48,0.47,0.45,0.48,0.4,0.91,0.76,0.69,0.67,0.78,0.5,0.69,0.58,0.47,0.08,0.12,0.29,0.51,0.91,0.7,0.7,0.67,0.7,0.63,0.31,0.12,0.11,0.39,0.2
od_cs_hr,CS - Human resources,7415,0.63,0.81,0.84,0.72,0.85,0.61,0.8,0.72,0.4,0.48,0.91,0.83,0.81,0.66,0.82,0.83,0.86,0.74,0.86,0.85,0.69,0.77,0.81,0.69,0.66,0.69,0.45,0.86,0.86,0.82,0.7,0.57,0.59,0.56,0.83,0.86,0.71,0.79,0.69,0.76,0.9,0.7,0.6,0.69,0.39,0.45,0.35,0.61,0.51,0.5,0.48,0.34,0.36,0.61,0.43,0.49,0.66,0.59,0.56,0.52,0.49,0.51,0.42,0.91,0.77,0.7,0.72,0.81,0.47,0.72,0.66,0.55,0.07,0.14,0.3,0.48,0.94,0.77,0.75,0.68,0.73,0.65,0.31,0.12,0.12,0.41,0.21
od_cs_ia,CS - Internal audit,821,0.57,0.77,0.82,0.7,0.77,0.56,0.75,0.71,0.3,0.41,0.9,0.86,0.77,0.58,0.75,0.8,0.83,0.69,0.87,0.81,0.64,0.73,0.78,0.72,0.65,0.67,0.39,0.79,0.77,0.74,0.63,0.55,0.55,0.51,0.78,0.82,0.66,0.74,0.63,0.78,0.88,0.66,0.6,0.72,0.32,0.34,0.25,0.58,0.47,0.43,0.41,0.23,0.27,0.54,0.33,0.42,0.56,0.47,0.45,0.42,0.4,0.46,0.39,0.86,0.7,0.63,0.68,0.72,0.43,0.67,0.62,0.49,0.09,0.13,0.3,0.48,0.96,0.75,0.68,0.69,0.72,0.63,0.3,0.14,0.14,0.43,0.24
od_cs_it,CS - IT and Digital,9687,0.59,0.77,0.77,0.69,0.84,0.54,0.78,0.69,0.32,0.43,0.9,0.82,0.76,0.59,0.78,0.76,0.79,0.7,0.86,0.83,0.63,0.75,0.78,0.65,0.61,0.66,0.41,0.86,0.85,0.8,0.61,0.54,0.49,0.51,0.81,0.85,0.67,0.79,0.64,0.66,0.83,0.67,0.62,0.73,0.34,0.37,0.26,0.54,0.48,0.43,0.41,0.28,0.33,0.55,0.36,0.47,0.56,0.53,0.49,0.46,0.44,0.42,0.32,0.89,0.75,0.66,0.68,0.78,0.43,0.65,0.55,0.43,0.08,0.14,0.31,0.47,0.89,0.64,0.67,0.66,0.69,0.62,0.32,0.12,0.11,0.36,0.2
od_cs_kim,CS - Knowledge & information management,2041,0.56,0.77,0.76,0.69,0.81,0.48,0.76,0.72,0.28,0.39,0.89,0.79,0.76,0.61,0.81,0.75,0.78,0.71,0.87,0.84,0.63,0.75,0.8,0.66,0.63,0.65,0.39,0.83,0.82,0.78,0.59,0.49,0.42,0.42,0.81,0.85,0.66,0.74,0.67,0.74,0.85,0.65,0.63,0.75,0.28,0.32,0.25,0.52,0.46,0.41,0.39,0.25,0.24,0.51,0.33,0.4,0.53,0.47,0.45,0.41,0.38,0.39,0.33,0.91,0.74,0.63,0.63,0.73,0.4,0.64,0.5,0.36,0.1,0.13,0.28,0.49,0.91,0.67,0.63,0.63,0.67,0.61,0.31,0.13,0.12,0.37,0.17
od_cs_prvoff,CS - Project delivery,12123,0.6,0.79,0.84,0.71,0.83,0.59,0.79,0.7,0.33,0.5,0.91,0.82,0.77,0.63,0.81,0.83,0.84,0.73,0.87,0.86,0.68,0.78,0.81,0.68,0.65,0.65,0.38,0.85,0.83,0.79,0.63,0.56,0.59,0.57,0.82,0.87,0.69,0.79,0.65,0.71,0.85,0.68,0.62,0.72,0.34,0.37,0.27,0.64,0.56,0.5,0.5,0.35,0.37,0.62,0.4,0.51,0.61,0.54,0.5,0.48,0.46,0.52,0.41,0.9,0.75,0.71,0.69,0.79,0.51,0.72,0.59,0.46,0.08,0.14,0.32,0.45,0.91,0.68,0.69,0.68,0.73,0.64,0.31,0.13,0.12,0.39,0.22
od_cs_ppm,CS - PO & Secretariats,1745,0.68,0.82,0.89,0.75,0.87,0.58,0.84,0.76,0.37,0.58,0.92,0.84,0.81,0.71,0.8,0.88,0.9,0.78,0.87,0.88,0.72,0.82,0.83,0.72,0.7,0.74,0.48,0.89,0.88,0.84,0.63,0.5,0.67,0.5,0.88,0.88,0.78,0.81,0.81,0.81,0.93,0.81,0.6,0.6,0.38,0.4,0.33,0.74,0.66,0.56,0.65,0.45,0.45,0.66,0.46,0.58,0.74,0.7,0.58,0.63,0.59,0.61,0.47,0.92,0.82,0.75,0.72,0.81,0.61,0.74,0.66,0.49,0.06,0.17,0.39,0.38,0.96,0.69,0.8,0.71,0.75,0.64,0.32,0.1,0.11,0.43,0.29
od_cs_security,CS - Security,3816,0.64,0.76,0.8,0.7,0.79,0.59,0.76,0.75,0.35,0.47,0.92,0.8,0.77,0.61,0.69,0.78,0.82,0.72,0.78,0.78,0.67,0.74,0.78,0.67,0.65,0.67,0.51,0.82,0.8,0.74,0.67,0.58,0.55,0.55,0.79,0.84,0.68,0.75,0.72,0.79,0.89,0.7,0.67,0.71,0.36,0.37,0.33,0.55,0.52,0.48,0.46,0.37,0.34,0.57,0.41,0.47,0.65,0.57,0.61,0.55,0.51,0.45,0.38,0.89,0.69,0.66,0.74,0.76,0.48,0.64,0.52,0.47,0.07,0.09,0.2,0.64,0.84,0.7,0.65,0.67,0.71,0.65,0.29,0.14,0.13,0.43,0.19
od_cs_strategy,CS - Strategy,1824,0.67,0.82,0.9,0.76,0.86,0.63,0.82,0.73,0.39,0.57,0.91,0.83,0.78,0.71,0.84,0.89,0.9,0.78,0.89,0.88,0.76,0.83,0.84,0.72,0.7,0.73,0.48,0.87,0.86,0.85,0.69,0.59,0.65,0.58,0.86,0.88,0.74,0.8,0.73,0.75,0.86,0.72,0.63,0.71,0.41,0.42,0.35,0.71,0.64,0.54,0.6,0.4,0.43,0.7,0.52,0.61,0.71,0.65,0.61,0.58,0.57,0.62,0.5,0.89,0.8,0.72,0.74,0.81,0.58,0.78,0.68,0.52,0.07,0.16,0.36,0.41,0.96,0.75,0.77,0.69,0.76,0.66,0.31,0.12,0.11,0.43,0.25
od_policy,Policy,22087,0.66,0.81,0.86,0.73,0.84,0.6,0.82,0.72,0.36,0.53,0.93,0.85,0.8,0.67,0.82,0.85,0.86,0.75,0.88,0.87,0.69,0.81,0.84,0.7,0.67,0.71,0.41,0.88,0.85,0.8,0.65,0.57,0.64,0.55,0.85,0.89,0.75,0.79,0.73,0.74,0.87,0.72,0.58,0.66,0.37,0.39,0.31,0.72,0.65,0.45,0.58,0.38,0.35,0.65,0.44,0.54,0.7,0.66,0.56,0.55,0.53,0.59,0.44,0.89,0.76,0.73,0.7,0.79,0.59,0.74,0.6,0.42,0.06,0.16,0.39,0.39,0.95,0.68,0.76,0.69,0.74,0.65,0.34,0.11,0.1,0.39,0.22
od_sp_animal,Specialist - Animal health,478,0.52,0.68,0.67,0.63,0.71,0.48,0.68,0.63,0.22,0.31,0.91,0.82,0.73,0.37,0.56,0.65,0.7,0.65,0.78,0.76,0.6,0.68,0.75,0.66,0.57,0.57,0.32,0.78,0.74,0.62,0.57,0.52,0.41,0.42,0.73,0.8,0.55,0.64,0.56,0.66,0.84,0.65,0.49,0.56,0.19,0.28,0.19,0.45,0.43,0.27,0.33,0.17,0.15,0.4,0.25,0.33,0.49,0.39,0.4,0.36,0.35,0.3,0.24,0.82,0.53,0.52,0.58,0.61,0.39,0.6,0.44,0.31,0.1,0.14,0.28,0.48,0.92,0.72,0.56,0.6,0.66,0.58,0.31,0.17,0.16,0.39,0.2
od_sp_crtgph,Specialist - Cartography,837,0.62,0.79,0.78,0.68,0.83,0.57,0.8,0.7,0.33,0.4,0.91,0.82,0.78,0.63,0.78,0.74,0.82,0.69,0.85,0.82,0.62,0.76,0.78,0.62,0.6,0.66,0.4,0.87,0.85,0.78,0.64,0.52,0.57,0.54,0.84,0.88,0.68,0.77,0.69,0.73,0.87,0.63,0.59,0.66,0.33,0.38,0.28,0.51,0.51,0.39,0.41,0.24,0.24,0.54,0.29,0.44,0.7,0.57,0.59,0.49,0.42,0.38,0.3,0.9,0.73,0.69,0.7,0.77,0.43,0.62,0.39,0.3,0.06,0.08,0.29,0.57,0.92,0.66,0.69,0.65,0.7,0.62,0.31,0.1,0.08,0.36,0.24
od_sp_comms,Specialist - Communications ,4117,0.64,0.78,0.85,0.72,0.84,0.57,0.8,0.72,0.41,0.51,0.92,0.81,0.79,0.62,0.78,0.84,0.85,0.74,0.87,0.86,0.69,0.78,0.83,0.69,0.67,0.69,0.42,0.86,0.84,0.81,0.65,0.56,0.53,0.53,0.83,0.85,0.72,0.79,0.69,0.72,0.91,0.69,0.62,0.69,0.41,0.45,0.37,0.65,0.58,0.49,0.54,0.38,0.38,0.65,0.42,0.49,0.68,0.63,0.51,0.55,0.53,0.53,0.41,0.88,0.77,0.7,0.65,0.78,0.53,0.7,0.63,0.47,0.08,0.2,0.39,0.33,0.91,0.59,0.71,0.68,0.73,0.65,0.36,0.12,0.12,0.41,0.2
od_sp_econ,Specialist - Economics,1721,0.68,0.84,0.83,0.74,0.86,0.67,0.88,0.76,0.41,0.58,0.93,0.86,0.82,0.68,0.88,0.83,0.84,0.78,0.9,0.9,0.68,0.84,0.85,0.69,0.68,0.73,0.39,0.89,0.86,0.82,0.71,0.63,0.7,0.64,0.92,0.93,0.81,0.86,0.77,0.75,0.89,0.74,0.67,0.75,0.43,0.44,0.36,0.75,0.67,0.45,0.63,0.44,0.43,0.7,0.5,0.61,0.73,0.78,0.52,0.6,0.59,0.65,0.42,0.94,0.82,0.74,0.75,0.83,0.64,0.76,0.53,0.36,0.05,0.21,0.51,0.23,0.93,0.53,0.79,0.73,0.74,0.67,0.33,0.06,0.05,0.25,0.3
od_sp_eng,Specialist - Engineering  ,5060,0.51,0.75,0.65,0.61,0.75,0.48,0.72,0.62,0.2,0.33,0.89,0.8,0.74,0.57,0.75,0.62,0.67,0.63,0.81,0.8,0.52,0.72,0.74,0.55,0.52,0.53,0.32,0.8,0.76,0.67,0.52,0.47,0.45,0.48,0.75,0.84,0.59,0.69,0.57,0.63,0.83,0.52,0.53,0.63,0.22,0.24,0.15,0.47,0.41,0.35,0.33,0.17,0.19,0.44,0.24,0.41,0.49,0.39,0.38,0.32,0.29,0.33,0.23,0.88,0.69,0.66,0.71,0.72,0.36,0.55,0.32,0.22,0.12,0.15,0.31,0.42,0.81,0.54,0.57,0.59,0.64,0.56,0.29,0.14,0.1,0.3,0.18
od_sp_health,Specialist - Health  ,2558,0.65,0.81,0.83,0.71,0.83,0.64,0.8,0.75,0.47,0.46,0.94,0.87,0.84,0.65,0.76,0.82,0.85,0.72,0.83,0.82,0.67,0.76,0.79,0.68,0.68,0.69,0.44,0.84,0.84,0.8,0.69,0.68,0.55,0.62,0.84,0.86,0.73,0.78,0.75,0.81,0.92,0.72,0.63,0.65,0.49,0.48,0.45,0.58,0.57,0.46,0.49,0.32,0.3,0.58,0.39,0.43,0.73,0.6,0.57,0.54,0.5,0.47,0.35,0.91,0.73,0.71,0.72,0.78,0.5,0.68,0.32,0.28,0.05,0.1,0.31,0.54,0.8,0.56,0.65,0.69,0.78,0.66,0.29,0.12,0.12,0.46,0.26
od_sp_legal,Specialist - Legal  ,7416,0.59,0.76,0.81,0.69,0.77,0.56,0.76,0.69,0.23,0.42,0.93,0.87,0.83,0.52,0.67,0.8,0.82,0.7,0.84,0.79,0.65,0.76,0.79,0.68,0.63,0.67,0.35,0.85,0.8,0.67,0.66,0.6,0.5,0.47,0.79,0.85,0.65,0.74,0.69,0.78,0.89,0.62,0.55,0.61,0.22,0.26,0.2,0.57,0.54,0.41,0.43,0.3,0.25,0.54,0.35,0.39,0.6,0.51,0.52,0.46,0.43,0.48,0.36,0.88,0.62,0.62,0.64,0.74,0.48,0.66,0.44,0.36,0.09,0.11,0.29,0.5,0.92,0.67,0.68,0.65,0.72,0.62,0.36,0.12,0.11,0.4,0.18
od_sp_opres,Specialist - Operational research ,962,0.6,0.81,0.83,0.73,0.86,0.62,0.85,0.73,0.34,0.48,0.92,0.83,0.78,0.68,0.85,0.81,0.84,0.76,0.89,0.89,0.66,0.81,0.85,0.7,0.65,0.73,0.35,0.87,0.86,0.84,0.66,0.61,0.63,0.59,0.88,0.91,0.78,0.84,0.69,0.73,0.86,0.65,0.67,0.75,0.35,0.39,0.27,0.64,0.58,0.42,0.47,0.29,0.3,0.63,0.4,0.57,0.58,0.62,0.45,0.47,0.45,0.58,0.39,0.92,0.82,0.71,0.72,0.83,0.51,0.72,0.6,0.39,0.06,0.19,0.42,0.32,0.93,0.6,0.76,0.65,0.68,0.61,0.34,0.08,0.07,0.39,0.24
od_sp_science,Specialist - Scientist ,4206,0.56,0.77,0.74,0.63,0.77,0.48,0.74,0.67,0.22,0.35,0.93,0.82,0.79,0.57,0.76,0.73,0.75,0.62,0.83,0.8,0.54,0.69,0.73,0.58,0.54,0.63,0.31,0.81,0.78,0.72,0.57,0.48,0.43,0.46,0.76,0.84,0.62,0.74,0.66,0.73,0.88,0.63,0.53,0.62,0.23,0.26,0.17,0.44,0.42,0.38,0.34,0.21,0.19,0.48,0.29,0.42,0.61,0.49,0.44,0.39,0.35,0.38,0.24,0.9,0.72,0.65,0.62,0.73,0.38,0.6,0.42,0.28,0.09,0.13,0.38,0.41,0.87,0.56,0.64,0.62,0.69,0.59,0.33,0.13,0.12,0.38,0.17
od_sp_socres,Specialist - Social research ,1229,0.64,0.8,0.82,0.73,0.86,0.62,0.85,0.72,0.49,0.49,0.93,0.84,0.8,0.62,0.84,0.82,0.83,0.75,0.9,0.89,0.66,0.82,0.84,0.69,0.64,0.7,0.39,0.89,0.86,0.82,0.66,0.61,0.63,0.58,0.9,0.92,0.76,0.84,0.69,0.72,0.86,0.68,0.64,0.75,0.5,0.52,0.45,0.63,0.55,0.45,0.52,0.33,0.33,0.66,0.38,0.51,0.68,0.71,0.48,0.54,0.5,0.58,0.37,0.92,0.77,0.7,0.65,0.8,0.51,0.73,0.54,0.35,0.05,0.15,0.4,0.39,0.92,0.51,0.73,0.74,0.75,0.66,0.34,0.09,0.07,0.39,0.24
od_sp_stats,Specialist - Statistics ,2158,0.62,0.81,0.8,0.74,0.88,0.64,0.84,0.74,0.4,0.49,0.9,0.84,0.8,0.67,0.85,0.79,0.82,0.76,0.91,0.89,0.66,0.83,0.84,0.72,0.66,0.73,0.4,0.89,0.89,0.86,0.69,0.62,0.64,0.6,0.88,0.9,0.77,0.83,0.73,0.76,0.87,0.65,0.64,0.75,0.42,0.45,0.33,0.65,0.56,0.42,0.49,0.32,0.34,0.62,0.41,0.57,0.62,0.65,0.47,0.49,0.47,0.56,0.4,0.94,0.85,0.72,0.68,0.81,0.53,0.72,0.59,0.4,0.06,0.16,0.39,0.39,0.93,0.6,0.76,0.67,0.69,0.61,0.33,0.08,0.08,0.39,0.23
od_sp_oth,Specialist - Other  ,3184,0.62,0.78,0.79,0.71,0.82,0.55,0.79,0.73,0.33,0.48,0.91,0.81,0.78,0.62,0.79,0.78,0.8,0.72,0.86,0.84,0.65,0.78,0.8,0.68,0.64,0.67,0.41,0.84,0.83,0.79,0.63,0.54,0.52,0.52,0.81,0.87,0.71,0.78,0.7,0.73,0.88,0.69,0.63,0.74,0.33,0.38,0.27,0.6,0.54,0.48,0.47,0.34,0.33,0.61,0.42,0.52,0.66,0.61,0.49,0.51,0.48,0.51,0.38,0.91,0.76,0.71,0.66,0.76,0.5,0.7,0.5,0.39,0.07,0.14,0.36,0.43,0.85,0.58,0.67,0.67,0.7,0.62,0.33,0.12,0.11,0.4,0.2
od_oth,Other ,14181,0.56,0.73,0.75,0.65,0.77,0.48,0.72,0.67,0.27,0.37,0.89,0.79,0.75,0.53,0.7,0.74,0.77,0.66,0.8,0.78,0.61,0.71,0.76,0.63,0.59,0.62,0.38,0.81,0.78,0.72,0.57,0.48,0.44,0.43,0.75,0.81,0.62,0.69,0.63,0.72,0.85,0.62,0.58,0.64,0.28,0.3,0.23,0.5,0.45,0.38,0.37,0.25,0.23,0.47,0.3,0.37,0.55,0.45,0.47,0.41,0.38,0.37,0.29,0.86,0.66,0.59,0.64,0.69,0.39,0.6,0.44,0.35,0.1,0.12,0.26,0.51,0.85,0.62,0.59,0.63,0.68,0.61,0.32,0.16,0.14,0.4,0.18
func_analysis,Analysis,14827,0.62,0.79,0.82,0.72,0.85,0.59,0.81,0.72,0.34,0.48,0.91,0.83,0.78,0.63,0.8,0.8,0.83,0.74,0.88,0.86,0.67,0.79,0.82,0.7,0.66,0.7,0.41,0.87,0.86,0.81,0.65,0.58,0.59,0.56,0.84,0.88,0.72,0.8,0.7,0.74,0.86,0.66,0.64,0.72,0.35,0.39,0.29,0.62,0.56,0.44,0.48,0.33,0.33,0.6,0.4,0.52,0.63,0.61,0.5,0.5,0.48,0.51,0.39,0.91,0.77,0.7,0.7,0.79,0.51,0.71,0.54,0.4,0.07,0.15,0.36,0.43,0.91,0.63,0.71,0.66,0.7,0.62,0.33,0.11,0.09,0.38,0.22
func_commercial,Commercial,7383,0.61,0.77,0.81,0.7,0.8,0.57,0.77,0.7,0.31,0.46,0.9,0.82,0.77,0.6,0.76,0.8,0.82,0.71,0.84,0.83,0.67,0.76,0.8,0.67,0.65,0.65,0.41,0.83,0.81,0.75,0.65,0.57,0.55,0.53,0.79,0.85,0.67,0.77,0.65,0.73,0.87,0.66,0.6,0.69,0.32,0.35,0.26,0.6,0.53,0.48,0.47,0.3,0.32,0.58,0.36,0.46,0.64,0.54,0.52,0.5,0.48,0.46,0.37,0.89,0.71,0.69,0.66,0.77,0.49,0.68,0.56,0.46,0.08,0.14,0.32,0.46,0.88,0.65,0.65,0.66,0.71,0.63,0.32,0.15,0.14,0.41,0.19
func_comms,Communications,12638,0.62,0.74,0.84,0.73,0.83,0.58,0.78,0.73,0.35,0.48,0.88,0.79,0.76,0.57,0.67,0.83,0.84,0.74,0.84,0.82,0.7,0.77,0.82,0.71,0.69,0.69,0.48,0.87,0.85,0.78,0.66,0.57,0.57,0.53,0.81,0.86,0.68,0.77,0.7,0.76,0.88,0.69,0.64,0.7,0.34,0.4,0.32,0.6,0.55,0.48,0.49,0.38,0.36,0.6,0.39,0.48,0.64,0.59,0.52,0.53,0.51,0.46,0.39,0.89,0.7,0.7,0.68,0.78,0.51,0.69,0.58,0.51,0.08,0.14,0.29,0.49,0.89,0.66,0.68,0.64,0.7,0.62,0.34,0.13,0.12,0.45,0.23
func_digital,Digital,12787,0.6,0.76,0.79,0.71,0.84,0.55,0.78,0.71,0.32,0.45,0.89,0.81,0.77,0.58,0.75,0.78,0.81,0.72,0.86,0.83,0.66,0.76,0.8,0.68,0.64,0.68,0.43,0.86,0.85,0.8,0.63,0.55,0.52,0.51,0.81,0.86,0.68,0.78,0.66,0.7,0.85,0.68,0.63,0.73,0.33,0.37,0.27,0.56,0.51,0.45,0.44,0.32,0.35,0.57,0.38,0.48,0.58,0.55,0.5,0.49,0.47,0.44,0.35,0.89,0.74,0.68,0.68,0.79,0.46,0.68,0.57,0.47,0.08,0.13,0.3,0.49,0.9,0.67,0.68,0.65,0.69,0.62,0.33,0.13,0.12,0.4,0.21
func_finance,Finance,13340,0.6,0.76,0.83,0.71,0.82,0.57,0.78,0.73,0.32,0.46,0.88,0.8,0.75,0.6,0.75,0.82,0.84,0.72,0.85,0.83,0.67,0.77,0.8,0.7,0.66,0.68,0.44,0.85,0.84,0.78,0.68,0.53,0.56,0.5,0.8,0.86,0.68,0.78,0.68,0.77,0.88,0.67,0.63,0.72,0.32,0.36,0.28,0.6,0.53,0.47,0.46,0.33,0.31,0.57,0.38,0.47,0.58,0.54,0.5,0.48,0.46,0.46,0.4,0.9,0.74,0.69,0.67,0.77,0.48,0.68,0.58,0.48,0.08,0.12,0.28,0.52,0.91,0.71,0.69,0.66,0.7,0.62,0.31,0.13,0.12,0.42,0.21
func_fedg,"Fraud, Error, Debts and Grants",7358,0.53,0.71,0.82,0.69,0.81,0.54,0.73,0.7,0.23,0.37,0.87,0.8,0.73,0.5,0.63,0.8,0.84,0.69,0.83,0.78,0.67,0.72,0.77,0.72,0.64,0.66,0.44,0.87,0.83,0.73,0.65,0.52,0.55,0.44,0.77,0.84,0.6,0.73,0.64,0.76,0.84,0.59,0.66,0.7,0.22,0.28,0.19,0.48,0.43,0.38,0.34,0.28,0.25,0.51,0.3,0.39,0.45,0.42,0.41,0.39,0.39,0.36,0.35,0.85,0.62,0.63,0.63,0.73,0.4,0.66,0.61,0.51,0.12,0.11,0.22,0.55,0.94,0.76,0.65,0.63,0.69,0.61,0.31,0.17,0.16,0.41,0.2
func_hr,HR,10022,0.64,0.8,0.84,0.73,0.85,0.6,0.8,0.73,0.39,0.5,0.91,0.83,0.8,0.66,0.82,0.83,0.85,0.74,0.86,0.85,0.7,0.78,0.81,0.7,0.67,0.69,0.48,0.87,0.86,0.82,0.7,0.57,0.59,0.55,0.83,0.86,0.72,0.79,0.71,0.78,0.89,0.71,0.6,0.7,0.39,0.44,0.35,0.62,0.54,0.52,0.5,0.36,0.37,0.62,0.43,0.5,0.68,0.6,0.57,0.53,0.51,0.51,0.43,0.91,0.76,0.71,0.72,0.81,0.49,0.71,0.63,0.55,0.08,0.13,0.28,0.52,0.92,0.75,0.74,0.67,0.73,0.65,0.31,0.12,0.12,0.43,0.22
func_ia,Internal Audit,2012,0.6,0.78,0.81,0.7,0.8,0.56,0.76,0.7,0.31,0.41,0.89,0.83,0.76,0.63,0.77,0.79,0.83,0.71,0.84,0.82,0.65,0.75,0.8,0.69,0.65,0.67,0.42,0.81,0.81,0.77,0.63,0.55,0.55,0.53,0.8,0.82,0.67,0.74,0.65,0.75,0.85,0.65,0.59,0.68,0.32,0.34,0.27,0.56,0.5,0.43,0.41,0.25,0.26,0.54,0.33,0.44,0.6,0.49,0.53,0.45,0.42,0.41,0.34,0.88,0.72,0.66,0.7,0.75,0.44,0.67,0.53,0.41,0.09,0.11,0.27,0.53,0.93,0.73,0.63,0.66,0.71,0.62,0.31,0.15,0.13,0.46,0.2
func_legal,Legal,10720,0.59,0.75,0.81,0.68,0.78,0.54,0.75,0.7,0.24,0.42,0.92,0.85,0.81,0.52,0.67,0.8,0.82,0.7,0.83,0.79,0.65,0.74,0.79,0.68,0.63,0.66,0.37,0.85,0.8,0.69,0.65,0.56,0.49,0.46,0.78,0.85,0.64,0.74,0.69,0.79,0.89,0.64,0.57,0.64,0.22,0.28,0.21,0.56,0.52,0.43,0.43,0.31,0.26,0.54,0.34,0.39,0.59,0.5,0.52,0.47,0.44,0.45,0.36,0.89,0.64,0.63,0.64,0.74,0.47,0.65,0.45,0.39,0.09,0.12,0.27,0.51,0.91,0.68,0.67,0.65,0.72,0.62,0.35,0.13,0.12,0.41,0.18
func_project,Project Delivery,22672,0.61,0.78,0.83,0.71,0.83,0.59,0.79,0.71,0.33,0.48,0.91,0.82,0.77,0.63,0.78,0.82,0.84,0.73,0.86,0.84,0.68,0.77,0.81,0.69,0.65,0.66,0.42,0.86,0.84,0.79,0.65,0.56,0.58,0.56,0.82,0.86,0.69,0.78,0.67,0.73,0.86,0.68,0.61,0.7,0.33,0.37,0.28,0.62,0.55,0.49,0.49,0.35,0.35,0.61,0.4,0.49,0.62,0.56,0.52,0.49,0.47,0.5,0.39,0.89,0.73,0.71,0.69,0.79,0.5,0.7,0.57,0.46,0.08,0.13,0.3,0.48,0.91,0.69,0.68,0.66,0.72,0.63,0.31,0.14,0.12,0.4,0.22
func_property,Property,3915,0.6,0.76,0.79,0.69,0.79,0.55,0.76,0.7,0.29,0.42,0.89,0.82,0.76,0.58,0.77,0.77,0.81,0.69,0.82,0.8,0.66,0.74,0.77,0.67,0.62,0.66,0.45,0.84,0.8,0.73,0.63,0.55,0.5,0.51,0.79,0.84,0.64,0.75,0.64,0.75,0.87,0.65,0.58,0.69,0.29,0.33,0.25,0.54,0.48,0.45,0.41,0.3,0.29,0.54,0.35,0.44,0.58,0.5,0.55,0.47,0.44,0.43,0.34,0.89,0.67,0.64,0.66,0.76,0.45,0.67,0.54,0.46,0.09,0.1,0.24,0.57,0.88,0.71,0.67,0.67,0.72,0.64,0.31,0.13,0.12,0.37,0.2
func_security,Security,9790,0.61,0.74,0.77,0.65,0.76,0.54,0.73,0.69,0.29,0.42,0.9,0.8,0.76,0.57,0.66,0.76,0.79,0.67,0.74,0.75,0.62,0.7,0.75,0.61,0.59,0.61,0.45,0.81,0.78,0.71,0.6,0.52,0.53,0.5,0.75,0.82,0.63,0.71,0.66,0.74,0.85,0.65,0.6,0.63,0.29,0.31,0.26,0.53,0.5,0.42,0.42,0.32,0.29,0.51,0.35,0.42,0.63,0.51,0.57,0.49,0.46,0.38,0.32,0.87,0.65,0.62,0.72,0.73,0.44,0.6,0.43,0.4,0.09,0.1,0.22,0.59,0.83,0.67,0.6,0.65,0.71,0.64,0.3,0.16,0.14,0.4,0.17
func_none,None of these,179635,0.57,0.72,0.8,0.69,0.8,0.53,0.75,0.7,0.29,0.42,0.87,0.79,0.74,0.53,0.66,0.79,0.81,0.7,0.82,0.79,0.66,0.73,0.78,0.69,0.64,0.66,0.43,0.85,0.82,0.74,0.62,0.52,0.52,0.45,0.78,0.85,0.64,0.74,0.67,0.76,0.85,0.65,0.62,0.68,0.28,0.33,0.25,0.53,0.48,0.42,0.41,0.32,0.29,0.54,0.34,0.43,0.55,0.49,0.48,0.46,0.43,0.42,0.37,0.88,0.67,0.65,0.65,0.74,0.44,0.65,0.52,0.44,0.1,0.12,0.25,0.52,0.89,0.68,0.66,0.64,0.7,0.61,0.32,0.14,0.12,0.4,0.2
d2_not,Not and has never been on a development scheme ,240972,0.57,0.72,0.79,0.69,0.8,0.52,0.75,0.7,0.29,0.41,0.87,0.79,0.74,0.53,0.67,0.78,0.81,0.69,0.82,0.79,0.65,0.73,0.78,0.68,0.63,0.66,0.42,0.85,0.82,0.74,0.62,0.5,0.51,0.44,0.78,0.85,0.64,0.74,0.66,0.75,0.85,0.65,0.62,0.69,0.29,0.33,0.25,0.53,0.48,0.42,0.4,0.31,0.29,0.53,0.33,0.42,0.55,0.49,0.48,0.45,0.42,0.41,0.35,0.88,0.67,0.65,0.65,0.74,0.43,0.65,0.51,0.43,0.1,0.12,0.26,0.52,0.89,0.67,0.65,0.64,0.69,0.61,0.32,0.14,0.12,0.4,0.2
d2_cfs,Currently on Civil Service Fast Stream schemes,2609,0.69,0.79,0.82,0.76,0.86,0.71,0.88,0.76,0.39,0.61,0.91,0.82,0.79,0.63,0.82,0.81,0.83,0.8,0.89,0.88,0.72,0.86,0.86,0.73,0.73,0.75,0.39,0.9,0.86,0.81,0.75,0.65,0.77,0.66,0.92,0.93,0.82,0.86,0.75,0.73,0.83,0.75,0.73,0.79,0.41,0.43,0.34,0.76,0.72,0.52,0.69,0.49,0.49,0.69,0.48,0.64,0.75,0.77,0.51,0.65,0.64,0.66,0.36,0.93,0.81,0.77,0.75,0.83,0.69,0.79,0.75,0.56,0.05,0.22,0.49,0.24,0.91,0.46,0.77,0.74,0.75,0.66,0.35,0.08,0.07,0.37,0.24
d2_cos,Currently on Other development scheme ,14234,0.67,0.78,0.87,0.76,0.85,0.75,0.82,0.75,0.38,0.55,0.91,0.82,0.8,0.62,0.74,0.86,0.87,0.78,0.86,0.85,0.73,0.81,0.83,0.74,0.73,0.74,0.5,0.88,0.86,0.81,0.78,0.76,0.73,0.73,0.86,0.89,0.73,0.82,0.74,0.79,0.87,0.72,0.66,0.71,0.37,0.43,0.33,0.66,0.62,0.52,0.56,0.43,0.44,0.66,0.45,0.56,0.71,0.68,0.57,0.61,0.6,0.56,0.45,0.91,0.76,0.76,0.72,0.83,0.59,0.76,0.67,0.58,0.06,0.12,0.3,0.52,0.91,0.68,0.74,0.68,0.72,0.63,0.34,0.13,0.11,0.42,0.25
d2_pfs,Previously on Civil Service Fast Stream,7008,0.66,0.82,0.85,0.73,0.87,0.64,0.82,0.71,0.35,0.55,0.92,0.86,0.8,0.7,0.82,0.84,0.86,0.75,0.86,0.86,0.7,0.8,0.81,0.66,0.65,0.69,0.49,0.89,0.87,0.83,0.67,0.62,0.66,0.61,0.85,0.89,0.74,0.8,0.74,0.77,0.89,0.69,0.56,0.63,0.37,0.39,0.29,0.71,0.64,0.44,0.58,0.4,0.42,0.65,0.49,0.6,0.69,0.66,0.57,0.56,0.55,0.63,0.52,0.9,0.78,0.72,0.74,0.8,0.61,0.74,0.65,0.48,0.08,0.18,0.4,0.34,0.96,0.74,0.78,0.7,0.75,0.65,0.33,0.1,0.1,0.35,0.21
d2_pos,Previously on Other development scheme,23001,0.62,0.79,0.86,0.73,0.85,0.63,0.79,0.72,0.32,0.5,0.91,0.83,0.79,0.64,0.78,0.85,0.86,0.74,0.86,0.85,0.7,0.78,0.81,0.7,0.67,0.68,0.47,0.88,0.86,0.81,0.68,0.63,0.61,0.61,0.82,0.87,0.69,0.79,0.71,0.77,0.89,0.68,0.6,0.68,0.32,0.37,0.28,0.64,0.57,0.49,0.5,0.36,0.37,0.62,0.42,0.53,0.63,0.57,0.57,0.52,0.5,0.54,0.47,0.9,0.75,0.71,0.71,0.79,0.53,0.73,0.65,0.53,0.08,0.13,0.3,0.49,0.95,0.76,0.73,0.67,0.74,0.64,0.31,0.14,0.13,0.39,0.22
sx_male,Man,122983,0.58,0.74,0.79,0.7,0.81,0.54,0.77,0.71,0.28,0.43,0.88,0.8,0.75,0.58,0.71,0.77,0.8,0.71,0.83,0.81,0.66,0.76,0.8,0.68,0.64,0.67,0.45,0.86,0.83,0.75,0.62,0.52,0.54,0.48,0.81,0.87,0.66,0.76,0.68,0.74,0.86,0.65,0.62,0.69,0.28,0.31,0.24,0.55,0.51,0.42,0.43,0.31,0.31,0.56,0.37,0.47,0.57,0.51,0.49,0.46,0.43,0.43,0.35,0.89,0.7,0.66,0.71,0.77,0.46,0.66,0.51,0.4,0.09,0.13,0.28,0.49,0.89,0.67,0.68,0.64,0.68,0.61,0.3,0.12,0.1,0.35,0.19
sx_female,Woman,144042,0.62,0.75,0.84,0.72,0.83,0.58,0.79,0.74,0.35,0.47,0.9,0.82,0.78,0.57,0.7,0.84,0.85,0.73,0.85,0.82,0.7,0.76,0.81,0.72,0.68,0.7,0.44,0.87,0.84,0.78,0.68,0.57,0.57,0.51,0.82,0.87,0.69,0.79,0.71,0.79,0.87,0.7,0.65,0.73,0.34,0.4,0.31,0.59,0.53,0.48,0.47,0.37,0.34,0.59,0.37,0.46,0.62,0.56,0.53,0.52,0.5,0.49,0.42,0.9,0.71,0.71,0.66,0.78,0.5,0.7,0.58,0.51,0.07,0.11,0.26,0.56,0.9,0.69,0.7,0.68,0.74,0.65,0.33,0.13,0.12,0.46,0.25
sx_other,I identify in another way,775,0.44,0.57,0.63,0.57,0.69,0.38,0.59,0.54,0.2,0.26,0.73,0.65,0.57,0.37,0.54,0.61,0.65,0.58,0.74,0.72,0.51,0.6,0.67,0.55,0.49,0.5,0.3,0.75,0.71,0.61,0.46,0.37,0.38,0.32,0.62,0.72,0.47,0.54,0.46,0.56,0.73,0.45,0.48,0.54,0.2,0.23,0.18,0.4,0.31,0.26,0.23,0.16,0.17,0.37,0.19,0.26,0.37,0.32,0.34,0.28,0.26,0.24,0.19,0.74,0.54,0.46,0.52,0.56,0.26,0.49,0.42,0.27,0.26,0.15,0.25,0.34,0.84,0.6,0.44,0.43,0.48,0.43,0.44,0.31,0.27,0.33,0.11
gh_cis,Cisgender,262198,0.6,0.75,0.82,0.71,0.82,0.56,0.78,0.73,0.32,0.45,0.89,0.81,0.77,0.57,0.71,0.81,0.83,0.73,0.84,0.82,0.68,0.76,0.8,0.7,0.66,0.69,0.44,0.87,0.84,0.77,0.65,0.55,0.56,0.5,0.82,0.87,0.68,0.78,0.69,0.77,0.87,0.68,0.64,0.71,0.31,0.36,0.28,0.57,0.52,0.46,0.45,0.34,0.32,0.57,0.37,0.47,0.6,0.54,0.51,0.49,0.47,0.46,0.39,0.9,0.71,0.69,0.69,0.78,0.48,0.68,0.54,0.46,0.08,0.12,0.27,0.53,0.9,0.68,0.69,0.66,0.72,0.63,0.31,0.12,0.11,0.41,0.22
gh_trans,Transgender,533,0.54,0.67,0.73,0.65,0.76,0.51,0.7,0.66,0.26,0.4,0.81,0.73,0.69,0.49,0.61,0.72,0.75,0.67,0.76,0.74,0.62,0.69,0.72,0.67,0.61,0.63,0.42,0.82,0.79,0.67,0.59,0.51,0.49,0.44,0.73,0.79,0.59,0.69,0.64,0.69,0.79,0.58,0.59,0.66,0.25,0.3,0.23,0.52,0.47,0.42,0.39,0.3,0.3,0.48,0.32,0.43,0.51,0.47,0.48,0.44,0.41,0.38,0.34,0.8,0.6,0.58,0.61,0.69,0.42,0.61,0.52,0.41,0.15,0.13,0.25,0.47,0.84,0.66,0.58,0.54,0.59,0.54,0.44,0.23,0.23,0.5,0.16
gd_cisman,Cisgender man,120990,0.58,0.74,0.79,0.7,0.81,0.54,0.78,0.71,0.28,0.44,0.88,0.8,0.75,0.58,0.71,0.77,0.81,0.71,0.83,0.81,0.66,0.76,0.8,0.68,0.64,0.67,0.45,0.86,0.83,0.75,0.62,0.52,0.54,0.48,0.81,0.87,0.67,0.76,0.68,0.74,0.86,0.65,0.62,0.69,0.28,0.31,0.24,0.55,0.51,0.42,0.43,0.31,0.31,0.56,0.37,0.47,0.57,0.51,0.5,0.46,0.44,0.43,0.35,0.89,0.7,0.66,0.71,0.77,0.46,0.66,0.51,0.4,0.09,0.13,0.28,0.49,0.89,0.67,0.68,0.64,0.68,0.61,0.3,0.12,0.1,0.35,0.19
gd_ciswoman,Cisgender woman,141208,0.62,0.76,0.85,0.72,0.83,0.58,0.79,0.74,0.35,0.47,0.9,0.82,0.78,0.57,0.71,0.84,0.85,0.74,0.85,0.82,0.7,0.77,0.81,0.72,0.68,0.7,0.44,0.87,0.84,0.78,0.68,0.57,0.58,0.51,0.82,0.87,0.69,0.79,0.71,0.79,0.87,0.7,0.65,0.73,0.34,0.4,0.31,0.59,0.54,0.48,0.47,0.37,0.34,0.59,0.37,0.46,0.62,0.56,0.53,0.53,0.5,0.49,0.42,0.91,0.71,0.71,0.66,0.78,0.5,0.7,0.58,0.51,0.07,0.11,0.26,0.56,0.9,0.69,0.7,0.68,0.74,0.65,0.33,0.13,0.12,0.46,0.25
gd_transman,Transgender man,228,0.54,0.66,0.72,0.63,0.74,0.47,0.7,0.66,0.27,0.38,0.81,0.73,0.68,0.49,0.59,0.7,0.73,0.64,0.73,0.71,0.59,0.66,0.72,0.65,0.6,0.64,0.41,0.81,0.77,0.65,0.54,0.48,0.46,0.42,0.72,0.79,0.59,0.68,0.65,0.68,0.78,0.58,0.6,0.68,0.25,0.32,0.22,0.52,0.45,0.39,0.37,0.29,0.26,0.45,0.3,0.37,0.49,0.47,0.45,0.42,0.4,0.38,0.37,0.79,0.59,0.57,0.59,0.66,0.41,0.59,0.5,0.4,0.15,0.13,0.24,0.48,0.82,0.63,0.59,0.56,0.62,0.56,0.39,0.24,0.21,0.52,0.13
gd_transwoman,Transgender woman,293,0.55,0.67,0.75,0.66,0.76,0.53,0.7,0.65,0.25,0.42,0.82,0.72,0.7,0.49,0.62,0.73,0.77,0.68,0.78,0.75,0.63,0.72,0.72,0.68,0.62,0.62,0.42,0.82,0.79,0.67,0.62,0.53,0.51,0.46,0.74,0.79,0.58,0.7,0.63,0.71,0.79,0.58,0.57,0.65,0.25,0.27,0.23,0.52,0.48,0.45,0.4,0.31,0.33,0.51,0.34,0.47,0.53,0.48,0.49,0.45,0.42,0.38,0.31,0.8,0.61,0.6,0.62,0.71,0.42,0.62,0.54,0.41,0.14,0.13,0.25,0.48,0.85,0.69,0.58,0.53,0.57,0.53,0.47,0.23,0.25,0.5,0.18
a_1634,Aged 16-34  ,66848,0.63,0.71,0.8,0.72,0.81,0.61,0.8,0.73,0.36,0.49,0.86,0.75,0.72,0.53,0.69,0.79,0.81,0.74,0.85,0.83,0.67,0.78,0.81,0.69,0.68,0.7,0.42,0.86,0.83,0.75,0.66,0.58,0.63,0.57,0.84,0.87,0.67,0.8,0.7,0.74,0.87,0.7,0.65,0.72,0.35,0.4,0.31,0.63,0.57,0.45,0.51,0.37,0.38,0.59,0.37,0.5,0.67,0.65,0.46,0.53,0.51,0.47,0.33,0.9,0.71,0.73,0.68,0.79,0.53,0.7,0.51,0.43,0.08,0.17,0.35,0.4,0.83,0.52,0.67,0.65,0.67,0.59,0.35,0.12,0.11,0.45,0.26
a_3544,Aged 35-44  ,62984,0.62,0.77,0.83,0.73,0.83,0.58,0.79,0.72,0.34,0.48,0.9,0.82,0.77,0.6,0.74,0.81,0.84,0.74,0.86,0.84,0.7,0.78,0.81,0.71,0.68,0.69,0.46,0.87,0.84,0.79,0.65,0.57,0.58,0.53,0.82,0.87,0.69,0.79,0.7,0.77,0.87,0.67,0.62,0.71,0.33,0.39,0.29,0.61,0.55,0.47,0.48,0.36,0.34,0.59,0.4,0.49,0.62,0.57,0.54,0.51,0.49,0.49,0.42,0.9,0.73,0.71,0.69,0.79,0.51,0.7,0.54,0.46,0.07,0.12,0.28,0.53,0.9,0.69,0.71,0.66,0.72,0.63,0.33,0.13,0.11,0.42,0.21
a_4554,Aged 45-54 ,79081,0.59,0.77,0.83,0.71,0.83,0.56,0.78,0.72,0.31,0.44,0.9,0.84,0.79,0.6,0.72,0.82,0.84,0.72,0.84,0.81,0.68,0.76,0.8,0.71,0.66,0.68,0.46,0.87,0.84,0.78,0.65,0.54,0.54,0.48,0.8,0.86,0.68,0.76,0.69,0.78,0.86,0.66,0.63,0.7,0.31,0.34,0.27,0.55,0.51,0.46,0.43,0.33,0.3,0.57,0.37,0.45,0.56,0.49,0.54,0.48,0.46,0.46,0.42,0.89,0.71,0.66,0.69,0.77,0.46,0.68,0.56,0.48,0.08,0.09,0.2,0.62,0.92,0.75,0.7,0.66,0.72,0.64,0.3,0.13,0.12,0.4,0.21
a_55p,Aged 55+,51872,0.57,0.75,0.82,0.7,0.82,0.5,0.77,0.73,0.27,0.4,0.9,0.84,0.79,0.55,0.68,0.8,0.83,0.7,0.82,0.79,0.67,0.74,0.8,0.7,0.63,0.67,0.45,0.87,0.83,0.75,0.65,0.49,0.47,0.4,0.8,0.87,0.67,0.74,0.69,0.79,0.87,0.66,0.65,0.72,0.26,0.31,0.23,0.49,0.46,0.43,0.38,0.3,0.26,0.54,0.33,0.42,0.51,0.44,0.51,0.44,0.41,0.42,0.39,0.89,0.67,0.63,0.69,0.76,0.42,0.66,0.57,0.48,0.09,0.11,0.25,0.56,0.92,0.77,0.68,0.69,0.75,0.67,0.28,0.12,0.1,0.4,0.21
eh_white,White ,236924,0.59,0.75,0.81,0.71,0.82,0.56,0.78,0.72,0.32,0.44,0.89,0.81,0.76,0.57,0.71,0.8,0.82,0.72,0.84,0.82,0.67,0.76,0.8,0.7,0.65,0.68,0.43,0.87,0.84,0.76,0.65,0.54,0.55,0.49,0.82,0.87,0.67,0.78,0.68,0.76,0.86,0.66,0.63,0.71,0.31,0.36,0.28,0.56,0.51,0.44,0.44,0.32,0.31,0.56,0.36,0.46,0.57,0.52,0.5,0.47,0.45,0.45,0.38,0.89,0.71,0.68,0.69,0.78,0.47,0.68,0.54,0.45,0.08,0.12,0.27,0.53,0.91,0.69,0.7,0.66,0.71,0.63,0.31,0.12,0.11,0.41,0.22
eh_bame,Ethnic Minority,31135,0.66,0.74,0.83,0.72,0.81,0.59,0.76,0.75,0.29,0.5,0.89,0.78,0.77,0.59,0.68,0.82,0.85,0.74,0.8,0.79,0.7,0.75,0.79,0.71,0.72,0.67,0.5,0.84,0.82,0.76,0.66,0.6,0.57,0.54,0.78,0.84,0.7,0.74,0.73,0.79,0.87,0.73,0.67,0.72,0.3,0.32,0.26,0.63,0.56,0.5,0.5,0.43,0.4,0.62,0.41,0.45,0.7,0.64,0.57,0.59,0.57,0.5,0.41,0.89,0.66,0.67,0.63,0.73,0.53,0.68,0.58,0.56,0.09,0.13,0.27,0.51,0.81,0.59,0.62,0.64,0.71,0.63,0.33,0.16,0.13,0.44,0.19
ed_white,White  ,236924,0.59,0.75,0.81,0.71,0.82,0.56,0.78,0.72,0.32,0.44,0.89,0.81,0.76,0.57,0.71,0.8,0.82,0.72,0.84,0.82,0.67,0.76,0.8,0.7,0.65,0.68,0.43,0.87,0.84,0.76,0.65,0.54,0.55,0.49,0.82,0.87,0.67,0.78,0.68,0.76,0.86,0.66,0.63,0.71,0.31,0.36,0.28,0.56,0.51,0.44,0.44,0.32,0.31,0.56,0.36,0.46,0.57,0.52,0.5,0.47,0.45,0.45,0.38,0.89,0.71,0.68,0.69,0.78,0.47,0.68,0.54,0.45,0.08,0.12,0.27,0.53,0.91,0.69,0.7,0.66,0.71,0.63,0.31,0.12,0.11,0.41,0.22
ed_mixed,Mixed ,5081,0.63,0.74,0.8,0.71,0.8,0.58,0.76,0.71,0.32,0.48,0.88,0.78,0.75,0.56,0.71,0.79,0.82,0.73,0.84,0.81,0.68,0.76,0.8,0.68,0.67,0.67,0.43,0.85,0.82,0.75,0.64,0.57,0.57,0.52,0.79,0.85,0.67,0.74,0.68,0.74,0.87,0.68,0.63,0.69,0.32,0.36,0.28,0.61,0.55,0.46,0.49,0.37,0.35,0.58,0.39,0.47,0.66,0.6,0.52,0.53,0.51,0.48,0.38,0.88,0.68,0.68,0.65,0.73,0.5,0.68,0.54,0.46,0.09,0.15,0.32,0.44,0.85,0.59,0.64,0.64,0.71,0.62,0.35,0.15,0.13,0.45,0.2
ed_asian,Asian,16295,0.67,0.75,0.84,0.72,0.8,0.6,0.77,0.76,0.29,0.51,0.89,0.79,0.78,0.61,0.69,0.83,0.85,0.75,0.79,0.79,0.7,0.75,0.79,0.71,0.72,0.68,0.51,0.84,0.82,0.76,0.66,0.6,0.57,0.55,0.78,0.85,0.71,0.76,0.74,0.8,0.87,0.74,0.68,0.73,0.3,0.32,0.26,0.63,0.56,0.51,0.51,0.44,0.42,0.63,0.43,0.46,0.72,0.66,0.59,0.6,0.59,0.5,0.42,0.89,0.66,0.67,0.63,0.75,0.54,0.68,0.58,0.56,0.08,0.13,0.26,0.53,0.81,0.6,0.63,0.64,0.69,0.63,0.34,0.15,0.13,0.45,0.18
ed_black,Black  ,8236,0.66,0.73,0.85,0.72,0.82,0.6,0.75,0.75,0.27,0.5,0.89,0.76,0.78,0.57,0.66,0.82,0.87,0.75,0.78,0.78,0.71,0.74,0.8,0.72,0.73,0.67,0.51,0.85,0.83,0.77,0.66,0.6,0.58,0.55,0.76,0.83,0.69,0.71,0.75,0.8,0.87,0.73,0.66,0.71,0.28,0.29,0.25,0.65,0.55,0.52,0.5,0.43,0.39,0.64,0.39,0.41,0.69,0.62,0.55,0.59,0.57,0.51,0.42,0.87,0.64,0.65,0.61,0.69,0.52,0.68,0.61,0.61,0.09,0.13,0.25,0.53,0.8,0.6,0.59,0.64,0.74,0.67,0.31,0.16,0.14,0.42,0.21
ed_oth,Other ethnic group ,1523,0.67,0.73,0.81,0.7,0.78,0.55,0.75,0.73,0.3,0.52,0.87,0.77,0.75,0.57,0.68,0.79,0.82,0.72,0.79,0.77,0.68,0.73,0.78,0.7,0.7,0.64,0.49,0.82,0.79,0.74,0.61,0.55,0.52,0.53,0.74,0.82,0.69,0.74,0.71,0.76,0.87,0.72,0.65,0.69,0.32,0.32,0.25,0.64,0.59,0.5,0.54,0.47,0.41,0.61,0.43,0.48,0.74,0.66,0.62,0.6,0.57,0.53,0.42,0.87,0.65,0.68,0.65,0.71,0.57,0.68,0.53,0.52,0.1,0.12,0.22,0.56,0.74,0.55,0.61,0.61,0.67,0.6,0.33,0.19,0.15,0.47,0.17
ei_wbritish,White- British  ,224932,0.59,0.75,0.81,0.71,0.82,0.56,0.78,0.72,0.32,0.44,0.89,0.81,0.76,0.57,0.71,0.8,0.83,0.72,0.85,0.82,0.68,0.76,0.8,0.7,0.65,0.68,0.43,0.87,0.84,0.77,0.65,0.54,0.56,0.49,0.82,0.87,0.67,0.78,0.69,0.77,0.86,0.66,0.63,0.71,0.31,0.37,0.28,0.56,0.51,0.44,0.44,0.32,0.31,0.56,0.36,0.46,0.57,0.52,0.5,0.47,0.45,0.45,0.38,0.9,0.71,0.69,0.69,0.78,0.47,0.68,0.54,0.45,0.08,0.12,0.26,0.54,0.91,0.7,0.7,0.66,0.71,0.63,0.31,0.12,0.11,0.41,0.22
ei_wirish,White - Irish  ,2522,0.59,0.74,0.81,0.7,0.81,0.54,0.77,0.69,0.28,0.44,0.88,0.81,0.76,0.57,0.7,0.8,0.82,0.73,0.84,0.82,0.67,0.76,0.79,0.69,0.64,0.67,0.43,0.85,0.82,0.74,0.61,0.53,0.54,0.47,0.81,0.86,0.67,0.75,0.66,0.74,0.85,0.64,0.61,0.66,0.28,0.31,0.23,0.57,0.51,0.41,0.44,0.33,0.31,0.56,0.36,0.44,0.56,0.52,0.48,0.47,0.44,0.46,0.39,0.86,0.67,0.66,0.66,0.75,0.46,0.69,0.54,0.43,0.09,0.14,0.3,0.47,0.91,0.68,0.66,0.66,0.7,0.62,0.31,0.14,0.14,0.39,0.19
ei_wgypsy,White - Gypsy/Irish Traveller ,437,0.4,0.55,0.55,0.55,0.66,0.34,0.54,0.54,0.15,0.22,0.71,0.63,0.53,0.36,0.5,0.53,0.58,0.56,0.72,0.67,0.51,0.6,0.61,0.54,0.48,0.45,0.33,0.72,0.68,0.57,0.43,0.34,0.32,0.27,0.59,0.66,0.42,0.49,0.5,0.57,0.68,0.5,0.47,0.53,0.15,0.18,0.13,0.33,0.24,0.21,0.2,0.16,0.14,0.3,0.18,0.2,0.33,0.25,0.32,0.24,0.22,0.19,0.21,0.7,0.45,0.41,0.45,0.47,0.21,0.47,0.35,0.26,0.24,0.17,0.2,0.39,0.79,0.58,0.4,0.48,0.52,0.48,0.41,0.35,0.31,0.34,0.07
ei_woth,White - any other white background,9033,0.63,0.74,0.81,0.7,0.79,0.54,0.77,0.71,0.29,0.47,0.9,0.79,0.75,0.55,0.71,0.79,0.83,0.7,0.82,0.81,0.66,0.75,0.8,0.68,0.65,0.67,0.42,0.83,0.8,0.74,0.62,0.56,0.49,0.51,0.8,0.85,0.69,0.75,0.67,0.74,0.89,0.67,0.6,0.67,0.29,0.33,0.25,0.61,0.56,0.43,0.49,0.36,0.32,0.58,0.38,0.46,0.67,0.6,0.52,0.53,0.51,0.5,0.37,0.88,0.68,0.67,0.65,0.75,0.51,0.68,0.51,0.43,0.09,0.15,0.34,0.42,0.86,0.6,0.66,0.67,0.72,0.64,0.33,0.14,0.13,0.39,0.2
ei_mwbc,Mixed - White and Black Caribbean ,1008,0.61,0.71,0.78,0.7,0.79,0.57,0.74,0.71,0.32,0.46,0.86,0.78,0.71,0.52,0.67,0.76,0.8,0.71,0.83,0.79,0.66,0.75,0.8,0.69,0.69,0.68,0.4,0.84,0.81,0.72,0.63,0.56,0.58,0.5,0.78,0.84,0.64,0.71,0.69,0.76,0.86,0.68,0.62,0.68,0.32,0.36,0.29,0.59,0.52,0.44,0.46,0.36,0.33,0.59,0.38,0.46,0.63,0.58,0.48,0.52,0.48,0.45,0.35,0.87,0.66,0.65,0.63,0.69,0.47,0.68,0.51,0.46,0.08,0.15,0.29,0.48,0.84,0.57,0.62,0.64,0.7,0.59,0.35,0.17,0.14,0.48,0.28
ei_mwba,Mixed - White and Black African ,461,0.64,0.74,0.83,0.72,0.83,0.61,0.77,0.74,0.33,0.5,0.89,0.79,0.74,0.57,0.7,0.81,0.85,0.75,0.82,0.79,0.69,0.76,0.81,0.71,0.69,0.67,0.47,0.85,0.85,0.78,0.65,0.62,0.61,0.57,0.79,0.84,0.7,0.76,0.7,0.76,0.88,0.71,0.65,0.72,0.33,0.37,0.31,0.64,0.58,0.51,0.49,0.4,0.36,0.61,0.39,0.51,0.68,0.59,0.53,0.54,0.53,0.49,0.41,0.9,0.69,0.68,0.66,0.73,0.55,0.7,0.56,0.51,0.09,0.13,0.29,0.49,0.84,0.63,0.69,0.66,0.76,0.68,0.34,0.14,0.15,0.44,0.18
ei_mwas,Mixed - White and Asian  ,1575,0.64,0.76,0.82,0.73,0.82,0.6,0.79,0.74,0.36,0.5,0.9,0.78,0.78,0.59,0.75,0.81,0.83,0.76,0.85,0.84,0.69,0.79,0.82,0.71,0.67,0.69,0.45,0.87,0.83,0.76,0.67,0.6,0.6,0.54,0.83,0.87,0.7,0.77,0.7,0.76,0.88,0.7,0.67,0.72,0.36,0.4,0.32,0.62,0.57,0.49,0.51,0.37,0.39,0.6,0.43,0.51,0.67,0.63,0.54,0.53,0.52,0.52,0.41,0.9,0.72,0.69,0.67,0.76,0.52,0.7,0.54,0.46,0.08,0.14,0.36,0.43,0.88,0.59,0.68,0.65,0.7,0.63,0.33,0.12,0.11,0.41,0.22
ei_moth,Mixed - any other mixed background  ,2037,0.62,0.74,0.8,0.69,0.79,0.55,0.75,0.69,0.29,0.46,0.88,0.78,0.75,0.55,0.7,0.79,0.81,0.71,0.84,0.79,0.66,0.74,0.79,0.66,0.66,0.64,0.43,0.83,0.8,0.73,0.61,0.55,0.54,0.51,0.77,0.83,0.66,0.74,0.65,0.71,0.85,0.66,0.6,0.68,0.29,0.34,0.25,0.61,0.54,0.44,0.48,0.36,0.33,0.56,0.36,0.45,0.65,0.58,0.51,0.52,0.5,0.47,0.36,0.86,0.67,0.68,0.64,0.72,0.49,0.67,0.55,0.45,0.11,0.16,0.31,0.42,0.84,0.59,0.61,0.64,0.71,0.62,0.36,0.17,0.15,0.47,0.15
ei_aindian,Asian - Indian  ,7609,0.66,0.75,0.84,0.72,0.81,0.6,0.78,0.75,0.28,0.5,0.89,0.81,0.78,0.6,0.69,0.83,0.85,0.75,0.8,0.79,0.7,0.74,0.79,0.72,0.72,0.68,0.48,0.84,0.82,0.76,0.68,0.6,0.58,0.54,0.79,0.85,0.71,0.76,0.74,0.79,0.87,0.74,0.67,0.73,0.29,0.31,0.24,0.62,0.54,0.5,0.49,0.43,0.41,0.63,0.43,0.45,0.71,0.65,0.59,0.6,0.58,0.5,0.42,0.9,0.67,0.67,0.63,0.75,0.53,0.68,0.6,0.57,0.07,0.12,0.25,0.55,0.83,0.62,0.64,0.65,0.71,0.64,0.34,0.14,0.12,0.47,0.21
ei_apakistani,Asian - Pakistani ,3468,0.67,0.73,0.83,0.72,0.81,0.59,0.77,0.77,0.31,0.5,0.88,0.78,0.76,0.59,0.65,0.82,0.85,0.75,0.78,0.78,0.71,0.75,0.78,0.71,0.73,0.68,0.55,0.86,0.83,0.75,0.65,0.59,0.58,0.54,0.78,0.86,0.7,0.77,0.76,0.81,0.88,0.76,0.69,0.72,0.32,0.32,0.29,0.62,0.55,0.5,0.5,0.45,0.43,0.61,0.42,0.45,0.73,0.68,0.6,0.62,0.61,0.48,0.4,0.89,0.65,0.66,0.63,0.74,0.53,0.68,0.57,0.56,0.1,0.13,0.25,0.52,0.78,0.58,0.61,0.62,0.68,0.6,0.34,0.18,0.15,0.47,0.17
ai_abangladeshi,Asian - Bangladeshi  ,1589,0.68,0.74,0.83,0.73,0.82,0.61,0.78,0.78,0.33,0.54,0.87,0.76,0.76,0.61,0.69,0.81,0.85,0.75,0.79,0.78,0.7,0.76,0.79,0.72,0.73,0.69,0.55,0.85,0.83,0.77,0.66,0.62,0.6,0.56,0.78,0.85,0.71,0.78,0.77,0.81,0.89,0.77,0.72,0.76,0.35,0.34,0.31,0.65,0.56,0.53,0.54,0.48,0.48,0.67,0.45,0.48,0.76,0.71,0.59,0.63,0.63,0.5,0.42,0.9,0.66,0.69,0.64,0.75,0.56,0.68,0.62,0.59,0.11,0.14,0.27,0.49,0.81,0.57,0.63,0.6,0.68,0.6,0.31,0.14,0.12,0.4,0.14
ei_achinese,Asian - Chinese  ,932,0.62,0.74,0.82,0.71,0.78,0.54,0.76,0.73,0.26,0.49,0.84,0.75,0.74,0.6,0.75,0.8,0.85,0.72,0.79,0.8,0.68,0.75,0.81,0.69,0.71,0.68,0.46,0.83,0.78,0.73,0.62,0.57,0.48,0.51,0.76,0.83,0.7,0.75,0.68,0.78,0.85,0.69,0.66,0.74,0.26,0.28,0.24,0.66,0.57,0.48,0.51,0.37,0.37,0.61,0.39,0.46,0.65,0.58,0.49,0.49,0.5,0.49,0.37,0.88,0.66,0.69,0.59,0.74,0.52,0.66,0.5,0.44,0.09,0.17,0.42,0.33,0.74,0.49,0.64,0.62,0.67,0.62,0.33,0.11,0.11,0.32,0.17
ei_aoth,Asian - any other Asian background ,2697,0.68,0.78,0.86,0.72,0.79,0.6,0.77,0.77,0.31,0.54,0.91,0.82,0.8,0.64,0.71,0.84,0.87,0.74,0.78,0.78,0.7,0.74,0.79,0.71,0.73,0.67,0.53,0.81,0.81,0.76,0.66,0.63,0.55,0.58,0.77,0.82,0.72,0.75,0.74,0.81,0.89,0.74,0.68,0.73,0.32,0.33,0.27,0.67,0.61,0.54,0.55,0.48,0.44,0.64,0.46,0.47,0.74,0.66,0.63,0.63,0.6,0.55,0.45,0.9,0.66,0.68,0.63,0.75,0.57,0.67,0.56,0.55,0.08,0.12,0.26,0.53,0.78,0.6,0.62,0.65,0.7,0.63,0.36,0.16,0.14,0.42,0.17
ei_bafrican,Black - African ,4614,0.7,0.74,0.88,0.74,0.84,0.63,0.78,0.79,0.3,0.55,0.91,0.77,0.8,0.59,0.66,0.85,0.9,0.77,0.78,0.78,0.74,0.76,0.82,0.75,0.77,0.68,0.55,0.87,0.86,0.79,0.68,0.65,0.6,0.6,0.78,0.85,0.73,0.74,0.78,0.83,0.9,0.78,0.69,0.73,0.31,0.3,0.27,0.69,0.61,0.59,0.56,0.5,0.45,0.67,0.41,0.43,0.77,0.7,0.62,0.65,0.64,0.55,0.45,0.88,0.63,0.67,0.61,0.72,0.58,0.71,0.65,0.67,0.09,0.12,0.24,0.54,0.77,0.58,0.61,0.64,0.73,0.66,0.32,0.15,0.13,0.4,0.22
ei_bcarib,Black - Caribbean ,2978,0.6,0.72,0.8,0.7,0.79,0.56,0.72,0.72,0.25,0.43,0.88,0.77,0.75,0.54,0.67,0.78,0.83,0.71,0.79,0.77,0.68,0.73,0.79,0.7,0.69,0.66,0.45,0.83,0.8,0.75,0.65,0.55,0.56,0.49,0.75,0.82,0.64,0.66,0.7,0.77,0.84,0.68,0.63,0.68,0.25,0.28,0.22,0.58,0.49,0.43,0.42,0.34,0.3,0.59,0.35,0.38,0.57,0.53,0.46,0.51,0.49,0.46,0.39,0.87,0.65,0.62,0.62,0.66,0.44,0.65,0.55,0.54,0.09,0.13,0.27,0.51,0.84,0.61,0.58,0.65,0.75,0.68,0.28,0.16,0.13,0.43,0.2
ei_both,Black - any other Black background ,644,0.61,0.7,0.82,0.67,0.76,0.54,0.68,0.7,0.25,0.44,0.86,0.74,0.74,0.55,0.6,0.79,0.83,0.72,0.76,0.72,0.67,0.69,0.76,0.66,0.67,0.6,0.46,0.79,0.78,0.72,0.6,0.55,0.52,0.49,0.71,0.77,0.62,0.63,0.69,0.75,0.83,0.67,0.62,0.65,0.25,0.26,0.23,0.59,0.47,0.43,0.43,0.37,0.36,0.55,0.35,0.39,0.63,0.52,0.48,0.53,0.51,0.41,0.37,0.85,0.59,0.59,0.59,0.6,0.43,0.61,0.56,0.55,0.12,0.16,0.23,0.5,0.83,0.62,0.55,0.65,0.74,0.67,0.29,0.21,0.18,0.47,0.23
ei_oarab,Other - Arab  ,666,0.69,0.72,0.81,0.7,0.79,0.56,0.74,0.75,0.32,0.55,0.86,0.76,0.74,0.58,0.65,0.8,0.82,0.73,0.74,0.75,0.7,0.71,0.76,0.72,0.72,0.64,0.56,0.81,0.81,0.74,0.62,0.56,0.52,0.55,0.71,0.82,0.69,0.76,0.72,0.78,0.88,0.74,0.68,0.68,0.34,0.34,0.27,0.64,0.6,0.55,0.57,0.52,0.46,0.59,0.48,0.51,0.76,0.71,0.67,0.63,0.61,0.54,0.46,0.85,0.63,0.69,0.65,0.71,0.62,0.68,0.52,0.55,0.1,0.1,0.18,0.62,0.63,0.51,0.59,0.59,0.66,0.57,0.35,0.2,0.16,0.5,0.14
ei_ooth,Other - any other background,857,0.65,0.74,0.8,0.7,0.78,0.55,0.75,0.72,0.28,0.5,0.88,0.78,0.75,0.57,0.71,0.79,0.81,0.71,0.83,0.79,0.66,0.74,0.8,0.68,0.68,0.64,0.44,0.82,0.78,0.74,0.61,0.55,0.53,0.51,0.77,0.82,0.69,0.72,0.7,0.75,0.86,0.7,0.64,0.69,0.3,0.31,0.24,0.65,0.58,0.47,0.52,0.43,0.38,0.62,0.4,0.45,0.71,0.63,0.58,0.57,0.54,0.51,0.39,0.88,0.67,0.67,0.65,0.71,0.54,0.67,0.54,0.49,0.1,0.13,0.26,0.52,0.82,0.57,0.62,0.63,0.68,0.63,0.32,0.18,0.15,0.44,0.2
hd_noimpact,No long-term limiting illness/condition or illness/condition has no impact on daily activities/work ,226029,0.61,0.76,0.82,0.72,0.83,0.58,0.8,0.74,0.33,0.46,0.9,0.82,0.78,0.59,0.72,0.81,0.84,0.73,0.85,0.83,0.69,0.77,0.81,0.7,0.67,0.69,0.45,0.87,0.84,0.78,0.66,0.56,0.57,0.51,0.83,0.88,0.69,0.79,0.71,0.78,0.88,0.69,0.65,0.73,0.32,0.37,0.29,0.58,0.54,0.46,0.46,0.35,0.33,0.59,0.38,0.48,0.61,0.55,0.52,0.5,0.48,0.47,0.4,0.91,0.72,0.7,0.7,0.79,0.49,0.69,0.54,0.47,0.07,0.12,0.27,0.53,0.89,0.68,0.71,0.7,0.75,0.67,0.29,0.1,0.09,0.4,0.23
hd_hasimpact,Long-term limiting illness or condition which has an impact on daily activities/work ,41384,0.53,0.67,0.77,0.65,0.77,0.48,0.68,0.64,0.24,0.36,0.83,0.76,0.69,0.45,0.6,0.76,0.78,0.66,0.8,0.75,0.62,0.69,0.74,0.66,0.6,0.6,0.39,0.83,0.79,0.7,0.57,0.48,0.46,0.4,0.71,0.79,0.56,0.65,0.6,0.71,0.81,0.58,0.57,0.61,0.23,0.28,0.21,0.47,0.41,0.38,0.34,0.26,0.25,0.48,0.28,0.35,0.47,0.41,0.44,0.39,0.37,0.36,0.33,0.83,0.6,0.59,0.57,0.67,0.38,0.63,0.55,0.44,0.14,0.13,0.24,0.49,0.91,0.69,0.58,0.48,0.55,0.46,0.45,0.26,0.22,0.43,0.18
cr_notc,Not a carer ,208885,0.6,0.75,0.81,0.71,0.82,0.56,0.79,0.73,0.32,0.45,0.89,0.81,0.76,0.57,0.71,0.8,0.83,0.72,0.84,0.82,0.67,0.76,0.8,0.69,0.66,0.69,0.44,0.87,0.83,0.77,0.65,0.55,0.56,0.5,0.82,0.87,0.68,0.78,0.69,0.77,0.87,0.68,0.64,0.72,0.32,0.37,0.28,0.58,0.53,0.45,0.45,0.34,0.32,0.58,0.37,0.47,0.6,0.55,0.5,0.49,0.47,0.46,0.38,0.9,0.71,0.69,0.69,0.78,0.48,0.68,0.53,0.45,0.08,0.13,0.28,0.51,0.89,0.67,0.69,0.68,0.73,0.65,0.3,0.11,0.1,0.41,0.23
cr_carer,Carer for others,67539,0.57,0.73,0.81,0.69,0.81,0.53,0.74,0.69,0.27,0.41,0.88,0.81,0.75,0.53,0.66,0.8,0.82,0.7,0.82,0.79,0.67,0.73,0.78,0.69,0.64,0.65,0.44,0.85,0.82,0.75,0.63,0.53,0.51,0.45,0.76,0.84,0.63,0.72,0.66,0.76,0.85,0.63,0.6,0.66,0.26,0.31,0.23,0.52,0.47,0.44,0.4,0.31,0.29,0.53,0.34,0.41,0.53,0.47,0.51,0.46,0.43,0.42,0.39,0.87,0.66,0.64,0.64,0.73,0.44,0.66,0.57,0.49,0.1,0.11,0.23,0.55,0.91,0.73,0.65,0.58,0.67,0.56,0.36,0.18,0.15,0.41,0.19
cc_nocc,No childcare responsibilities  ,184223,0.59,0.73,0.81,0.7,0.81,0.55,0.77,0.72,0.31,0.44,0.88,0.8,0.75,0.55,0.69,0.8,0.82,0.71,0.83,0.81,0.66,0.75,0.8,0.69,0.65,0.68,0.43,0.86,0.83,0.75,0.64,0.53,0.55,0.48,0.81,0.86,0.66,0.76,0.68,0.76,0.86,0.67,0.63,0.7,0.31,0.35,0.27,0.55,0.5,0.44,0.43,0.32,0.31,0.56,0.35,0.45,0.57,0.52,0.49,0.47,0.45,0.44,0.37,0.89,0.69,0.67,0.67,0.76,0.46,0.67,0.54,0.45,0.09,0.13,0.28,0.5,0.89,0.67,0.67,0.65,0.69,0.62,0.31,0.12,0.12,0.41,0.22
cc_hascc,Has childcare responsibilities,92568,0.61,0.76,0.82,0.72,0.83,0.57,0.78,0.72,0.31,0.46,0.9,0.83,0.78,0.59,0.72,0.81,0.84,0.73,0.86,0.82,0.69,0.77,0.8,0.7,0.66,0.68,0.46,0.87,0.84,0.78,0.65,0.55,0.56,0.51,0.81,0.87,0.68,0.78,0.69,0.77,0.87,0.67,0.62,0.71,0.31,0.36,0.27,0.58,0.53,0.47,0.46,0.35,0.33,0.58,0.38,0.46,0.61,0.55,0.54,0.5,0.48,0.47,0.41,0.89,0.71,0.69,0.69,0.78,0.49,0.69,0.54,0.47,0.08,0.11,0.25,0.57,0.9,0.7,0.7,0.67,0.74,0.64,0.33,0.14,0.12,0.41,0.2
si_het,Heterosexual/straight ,246090,0.6,0.75,0.82,0.71,0.82,0.56,0.78,0.73,0.32,0.45,0.89,0.81,0.77,0.57,0.71,0.81,0.83,0.72,0.84,0.82,0.68,0.76,0.8,0.7,0.66,0.68,0.44,0.87,0.84,0.77,0.65,0.55,0.56,0.5,0.82,0.87,0.68,0.78,0.7,0.77,0.87,0.68,0.64,0.71,0.31,0.36,0.28,0.57,0.52,0.46,0.45,0.34,0.32,0.57,0.37,0.46,0.6,0.54,0.51,0.49,0.47,0.46,0.39,0.9,0.71,0.69,0.69,0.78,0.48,0.68,0.54,0.47,0.08,0.12,0.27,0.54,0.9,0.69,0.69,0.67,0.72,0.64,0.31,0.12,0.11,0.41,0.22
si_lgbo,"Lesbian, gay bisexual or other (LGBO)",13770,0.59,0.71,0.79,0.69,0.79,0.56,0.76,0.69,0.31,0.44,0.85,0.76,0.72,0.53,0.68,0.78,0.8,0.71,0.82,0.8,0.64,0.74,0.78,0.67,0.64,0.66,0.41,0.84,0.81,0.73,0.62,0.55,0.56,0.51,0.79,0.83,0.65,0.74,0.65,0.72,0.84,0.64,0.6,0.67,0.31,0.35,0.28,0.56,0.51,0.42,0.44,0.33,0.33,0.55,0.36,0.46,0.6,0.55,0.49,0.49,0.47,0.44,0.36,0.86,0.68,0.66,0.65,0.74,0.47,0.66,0.55,0.43,0.12,0.15,0.29,0.44,0.89,0.63,0.64,0.59,0.62,0.55,0.4,0.19,0.17,0.42,0.2
si2_het,Heterosexual/straight,246090,0.6,0.75,0.82,0.71,0.82,0.56,0.78,0.73,0.32,0.45,0.89,0.81,0.77,0.57,0.71,0.81,0.83,0.72,0.84,0.82,0.68,0.76,0.8,0.7,0.66,0.68,0.44,0.87,0.84,0.77,0.65,0.55,0.56,0.5,0.82,0.87,0.68,0.78,0.7,0.77,0.87,0.68,0.64,0.71,0.31,0.36,0.28,0.57,0.52,0.46,0.45,0.34,0.32,0.57,0.37,0.46,0.6,0.54,0.51,0.49,0.47,0.46,0.39,0.9,0.71,0.69,0.69,0.78,0.48,0.68,0.54,0.47,0.08,0.12,0.27,0.54,0.9,0.69,0.69,0.67,0.72,0.64,0.31,0.12,0.11,0.41,0.22
si2_gl,Gay or lesbian,7668,0.61,0.74,0.82,0.71,0.81,0.58,0.79,0.71,0.31,0.47,0.88,0.79,0.75,0.58,0.71,0.81,0.83,0.73,0.84,0.82,0.67,0.76,0.8,0.69,0.66,0.69,0.43,0.86,0.83,0.76,0.65,0.57,0.58,0.52,0.82,0.86,0.69,0.78,0.68,0.74,0.86,0.66,0.61,0.69,0.31,0.35,0.27,0.59,0.53,0.44,0.47,0.35,0.36,0.58,0.4,0.5,0.63,0.57,0.52,0.51,0.49,0.47,0.39,0.88,0.71,0.68,0.69,0.78,0.49,0.69,0.57,0.44,0.11,0.15,0.29,0.46,0.91,0.67,0.68,0.64,0.67,0.6,0.35,0.16,0.15,0.41,0.22
si2_bi,Bisexual,4215,0.6,0.69,0.78,0.69,0.79,0.57,0.75,0.69,0.34,0.44,0.85,0.74,0.71,0.5,0.67,0.78,0.79,0.71,0.82,0.8,0.64,0.73,0.78,0.66,0.64,0.66,0.41,0.84,0.81,0.71,0.62,0.57,0.57,0.52,0.78,0.83,0.65,0.73,0.64,0.71,0.85,0.65,0.61,0.67,0.34,0.38,0.31,0.57,0.52,0.42,0.45,0.34,0.34,0.55,0.34,0.46,0.62,0.58,0.49,0.5,0.48,0.44,0.33,0.86,0.67,0.66,0.64,0.73,0.48,0.67,0.55,0.43,0.11,0.16,0.31,0.41,0.87,0.59,0.63,0.54,0.57,0.5,0.45,0.21,0.2,0.43,0.2
si2_oth,Other,1887,0.5,0.61,0.68,0.61,0.73,0.46,0.65,0.62,0.26,0.33,0.77,0.68,0.62,0.41,0.58,0.66,0.7,0.62,0.75,0.71,0.55,0.65,0.72,0.61,0.55,0.57,0.37,0.79,0.75,0.65,0.52,0.46,0.45,0.39,0.68,0.75,0.53,0.61,0.55,0.65,0.77,0.55,0.55,0.6,0.26,0.3,0.24,0.46,0.38,0.31,0.3,0.24,0.23,0.43,0.27,0.32,0.44,0.42,0.39,0.36,0.35,0.33,0.27,0.78,0.57,0.53,0.55,0.6,0.34,0.55,0.47,0.35,0.18,0.16,0.27,0.39,0.85,0.6,0.51,0.47,0.51,0.46,0.44,0.25,0.22,0.42,0.15
rel_nor,No religion ,113680,0.58,0.73,0.8,0.7,0.82,0.55,0.78,0.71,0.32,0.44,0.87,0.79,0.74,0.55,0.71,0.79,0.81,0.71,0.85,0.82,0.66,0.76,0.8,0.68,0.64,0.68,0.41,0.86,0.83,0.76,0.63,0.53,0.56,0.49,0.82,0.87,0.66,0.77,0.67,0.75,0.86,0.66,0.63,0.71,0.32,0.37,0.28,0.57,0.51,0.43,0.44,0.31,0.31,0.56,0.36,0.47,0.57,0.53,0.47,0.46,0.44,0.44,0.35,0.89,0.71,0.68,0.69,0.77,0.47,0.67,0.52,0.42,0.09,0.13,0.3,0.48,0.89,0.65,0.69,0.64,0.68,0.61,0.32,0.12,0.11,0.41,0.23
rel_christian,Christian,123003,0.61,0.77,0.83,0.72,0.83,0.57,0.79,0.74,0.32,0.46,0.91,0.83,0.79,0.59,0.71,0.82,0.85,0.73,0.84,0.82,0.7,0.77,0.81,0.71,0.67,0.69,0.46,0.87,0.85,0.78,0.67,0.56,0.56,0.5,0.82,0.87,0.69,0.78,0.71,0.79,0.88,0.69,0.65,0.71,0.31,0.36,0.28,0.57,0.53,0.48,0.46,0.35,0.32,0.58,0.38,0.46,0.61,0.53,0.55,0.51,0.49,0.47,0.42,0.9,0.71,0.69,0.7,0.79,0.49,0.69,0.56,0.49,0.07,0.11,0.24,0.58,0.91,0.72,0.71,0.69,0.75,0.66,0.31,0.12,0.11,0.42,0.22
rel_buddhist,Buddhist,1420,0.58,0.7,0.78,0.66,0.76,0.53,0.7,0.69,0.27,0.44,0.85,0.76,0.7,0.53,0.67,0.78,0.8,0.67,0.77,0.76,0.64,0.7,0.75,0.66,0.64,0.61,0.45,0.8,0.77,0.7,0.57,0.54,0.5,0.5,0.71,0.78,0.61,0.69,0.65,0.74,0.85,0.63,0.61,0.68,0.28,0.31,0.23,0.56,0.5,0.44,0.43,0.36,0.32,0.55,0.37,0.43,0.59,0.52,0.51,0.49,0.46,0.46,0.37,0.84,0.61,0.6,0.6,0.72,0.44,0.61,0.49,0.42,0.12,0.13,0.27,0.48,0.83,0.63,0.59,0.59,0.65,0.58,0.36,0.21,0.19,0.4,0.18
rel_hindu,Hindu ,3964,0.68,0.78,0.85,0.73,0.81,0.63,0.79,0.78,0.29,0.53,0.91,0.83,0.81,0.63,0.7,0.84,0.87,0.76,0.79,0.79,0.71,0.76,0.8,0.73,0.74,0.69,0.51,0.84,0.82,0.76,0.7,0.63,0.59,0.58,0.8,0.85,0.74,0.77,0.76,0.81,0.88,0.76,0.69,0.75,0.3,0.31,0.25,0.64,0.57,0.54,0.53,0.46,0.44,0.66,0.46,0.48,0.75,0.68,0.63,0.64,0.61,0.53,0.47,0.9,0.68,0.68,0.64,0.76,0.56,0.69,0.61,0.6,0.06,0.11,0.25,0.58,0.81,0.63,0.64,0.65,0.7,0.64,0.36,0.14,0.12,0.44,0.18
rel_jewish,Jewish ,1043,0.61,0.74,0.78,0.69,0.8,0.52,0.76,0.69,0.27,0.44,0.88,0.78,0.76,0.57,0.7,0.76,0.8,0.7,0.85,0.79,0.64,0.75,0.79,0.66,0.63,0.67,0.38,0.85,0.82,0.74,0.62,0.5,0.52,0.44,0.79,0.85,0.67,0.74,0.66,0.71,0.84,0.65,0.6,0.68,0.27,0.3,0.24,0.6,0.54,0.4,0.45,0.32,0.31,0.56,0.36,0.46,0.64,0.57,0.56,0.5,0.48,0.48,0.36,0.87,0.69,0.65,0.65,0.74,0.5,0.66,0.52,0.38,0.09,0.16,0.36,0.39,0.89,0.59,0.64,0.64,0.7,0.6,0.37,0.16,0.15,0.55,0.25
rel_muslim,Muslim,8546,0.68,0.74,0.83,0.73,0.82,0.6,0.78,0.77,0.32,0.52,0.88,0.78,0.77,0.59,0.66,0.81,0.85,0.76,0.78,0.78,0.71,0.75,0.79,0.73,0.74,0.68,0.55,0.85,0.83,0.76,0.66,0.6,0.58,0.55,0.78,0.86,0.71,0.78,0.77,0.81,0.88,0.76,0.69,0.73,0.33,0.33,0.29,0.63,0.56,0.52,0.53,0.47,0.45,0.63,0.43,0.46,0.74,0.7,0.62,0.63,0.62,0.5,0.42,0.9,0.65,0.68,0.64,0.75,0.55,0.69,0.58,0.58,0.09,0.12,0.23,0.55,0.78,0.58,0.63,0.62,0.69,0.61,0.33,0.17,0.14,0.44,0.18
rel_sikh,Sikh,1819,0.62,0.73,0.81,0.7,0.79,0.56,0.75,0.72,0.26,0.46,0.87,0.78,0.76,0.58,0.67,0.8,0.83,0.73,0.79,0.78,0.69,0.74,0.78,0.71,0.69,0.65,0.45,0.83,0.8,0.74,0.65,0.55,0.55,0.5,0.76,0.82,0.67,0.72,0.69,0.76,0.84,0.71,0.64,0.7,0.27,0.29,0.23,0.58,0.5,0.46,0.45,0.39,0.38,0.57,0.39,0.42,0.64,0.58,0.54,0.55,0.53,0.45,0.37,0.87,0.65,0.63,0.6,0.71,0.47,0.64,0.57,0.55,0.09,0.14,0.23,0.54,0.83,0.62,0.62,0.62,0.68,0.62,0.34,0.16,0.14,0.48,0.22
rel_oth,Any other religion,4027,0.54,0.67,0.75,0.66,0.76,0.49,0.68,0.65,0.25,0.36,0.83,0.75,0.69,0.46,0.6,0.74,0.77,0.67,0.8,0.76,0.62,0.7,0.75,0.66,0.6,0.6,0.4,0.81,0.78,0.7,0.58,0.49,0.47,0.42,0.71,0.79,0.57,0.66,0.61,0.71,0.82,0.58,0.58,0.63,0.25,0.28,0.21,0.48,0.42,0.37,0.34,0.28,0.26,0.47,0.27,0.36,0.5,0.45,0.44,0.42,0.4,0.34,0.3,0.83,0.62,0.58,0.6,0.66,0.38,0.62,0.51,0.42,0.14,0.13,0.23,0.5,0.87,0.66,0.56,0.55,0.61,0.54,0.38,0.23,0.2,0.41,0.19